sa2_code,renter_dwellings,known_tenure_dwellings,renter_share_pct,median_weekly_rent_aud,renter_band,rent_band,bi_class,coverage
102011028,494,2589,19.1,520,low,high,low_high,Valid
102011029,504,4302,11.7,450,low,high,low_high,Valid
102011030,346,1633,21.2,350,low,low,low_low,Valid
102011031,964,5513,17.5,410,low,mid,low_mid,Valid
102011032,4439,9170,48.4,390,high,mid,high_mid,Valid
102011033,475,2090,22.7,450,low,high,low_high,Valid
102011034,535,2973,18.0,400,low,mid,low_mid,Valid
102011035,506,2501,20.2,420,low,mid,low_mid,Valid
102011036,501,2788,18.0,425,low,mid,low_mid,Valid
102011037,604,2508,24.1,400,mid,mid,mid_mid,Valid
102011038,404,2672,15.1,460,low,high,low_high,Valid
102011039,1271,5472,23.2,520,mid,high,mid_high,Valid
102011040,3458,10234,33.8,400,mid,mid,mid_mid,Valid
102011041,587,3639,16.1,500,low,high,low_high,Valid
102011042,2172,6015,36.1,380,high,mid,high_mid,Valid
102011043,1066,4262,25.0,400,mid,mid,mid_mid,Valid
102021044,2084,8290,25.1,400,mid,mid,mid_mid,Valid
102021045,1240,3876,32.0,400,mid,mid,mid_mid,Valid
102021046,951,3897,24.4,360,mid,low,mid_low,Valid
102021047,1015,5676,17.9,425,low,mid,low_mid,Valid
102021048,2808,8407,33.4,360,mid,low,mid_low,Valid
102021049,96,1029,9.3,440,low,high,low_high,Valid
102021050,800,4621,17.3,380,low,mid,low_mid,Valid
102021051,351,1689,20.8,400,low,mid,low_mid,Valid
102021052,491,2472,19.9,395,low,mid,low_mid,Valid
102021053,3042,6985,43.6,365,high,low,high_low,Valid
102021054,1436,4132,34.8,350,mid,low,mid_low,Valid
102021055,542,1841,29.4,425,mid,mid,mid_mid,Valid
102021056,1986,6279,31.6,495,mid,high,mid_high,Valid
102021057,1381,3448,40.1,360,high,low,high_low,Valid
115011290,2099,8247,25.5,510,mid,high,mid_high,Valid
115011291,1209,6822,17.7,610,low,high,low_high,Valid
115011294,138,2144,6.4,650,low,high,low_high,Valid
115011296,443,3943,11.2,700,low,high,low_high,Valid
115011553,820,2625,31.2,550,mid,high,mid_high,Valid
115011554,264,1778,14.8,547,low,high,low_high,Valid
115011555,724,3847,18.8,600,low,high,low_high,Valid
115011556,1027,3429,30.0,550,mid,high,mid_high,Valid
115011557,224,1539,14.6,692,low,high,low_high,Valid
115011558,883,5894,15.0,695,low,high,low_high,Valid
115011621,868,5216,16.6,650,low,high,low_high,Valid
115011622,947,3476,27.2,600,mid,high,mid_high,Valid
115021297,891,6761,13.2,550,low,high,low_high,Valid
115021298,222,1749,12.7,460,low,high,low_high,Valid
115031299,85,1026,8.3,320,low,low,low_low,Valid
115031300,865,7091,12.2,440,low,high,low_high,Valid
115041301,566,3564,15.9,500,low,high,low_high,Valid
115041623,604,3032,19.9,595,low,high,low_high,Valid
115041624,1410,5064,27.8,600,mid,high,mid_high,Valid
115041625,1093,5115,21.4,610,low,high,low_high,Valid
116011303,2933,5823,50.4,380,high,mid,high_mid,Valid
116011304,2726,6591,41.4,400,high,mid,high_mid,Valid
116011306,2512,6965,36.1,380,high,mid,high_mid,Valid
116011307,2655,8560,31.0,380,mid,mid,mid_mid,Valid
116011560,1482,4040,36.7,400,high,mid,high_mid,Valid
116011561,1988,5220,38.1,410,high,mid,high_mid,Valid
116011626,1498,4946,30.3,420,mid,mid,mid_mid,Valid
116011627,1393,3752,37.1,420,high,mid,high_mid,Valid
116021309,878,4454,19.7,590,low,high,low_high,Valid
116021562,230,1114,20.6,540,low,high,low_high,Valid
116021563,2308,7564,30.5,460,mid,high,mid_high,Valid
116021628,1340,5946,22.5,600,low,high,low_high,Valid
116021629,853,4412,19.3,570,low,high,low_high,Valid
116021630,1479,4326,34.2,490,mid,high,mid_high,Valid
116021631,658,2786,23.6,580,mid,high,mid_high,Valid
116021632,2950,7545,39.1,550,high,high,high_high,Valid
116021633,739,3561,20.8,580,low,high,low_high,Valid
116031313,2878,5519,52.1,300,high,low,high_low,Valid
116031314,725,2409,30.1,420,mid,mid,mid_mid,Valid
116031315,1628,5955,27.3,420,mid,mid,mid_mid,Valid
116031316,3156,6455,48.9,320,high,low,high_low,Valid
116031317,3523,6856,51.4,345,high,low,high_low,Valid
116031318,12,19,,530,,,,Insufficient renter data or unavailable median rent
116031319,1917,6457,29.7,420,mid,mid,mid_mid,Valid
117011320,122,203,60.1,620,high,high,high_high,Valid
117011321,1788,4715,37.9,550,high,high,high_high,Valid
117011323,2932,5630,52.1,495,high,high,high_high,Valid
117011324,6,9,,1200,,,,Insufficient renter data or unavailable median rent
117011325,0,0,,,,,,Insufficient renter data or unavailable median rent
117011634,1551,3380,45.9,385,high,mid,high_mid,Valid
117011635,4663,8073,57.8,600,high,high,high_high,Valid
117021327,4010,8230,48.7,470,high,high,high_high,Valid
117021328,1172,3162,37.1,630,high,high,high_high,Valid
117021636,2142,4784,44.8,550,high,high,high_high,Valid
117021637,2853,5768,49.5,450,high,high,high_high,Valid
117031329,3391,5425,62.5,550,high,high,high_high,Valid
117031330,4796,8985,53.4,591,high,high,high_high,Valid
117031331,5927,9425,62.9,505,high,high,high_high,Valid
117031333,6572,10165,64.7,490,high,high,high_high,Valid
117031336,5166,7789,66.3,550,high,high,high_high,Valid
117031638,1687,2927,57.6,600,high,high,high_high,Valid
117031639,2882,3742,77.0,520,high,high,high_high,Valid
117031640,3802,6540,58.1,550,high,high,high_high,Valid
117031641,3489,5593,62.4,580,high,high,high_high,Valid
117031642,3885,6100,63.7,500,high,high,high_high,Valid
117031643,2860,5242,54.6,600,high,high,high_high,Valid
117031644,2643,3975,66.5,640,high,high,high_high,Valid
117031645,5773,7662,75.3,620,high,high,high_high,Valid
117031646,2020,2795,72.3,500,high,high,high_high,Valid
117031647,5916,7982,74.1,530,high,high,high_high,Valid
117031648,4323,6057,71.4,600,high,high,high_high,Valid
118011339,3856,7647,50.4,675,high,high,high_high,Valid
118011340,4915,8521,57.7,689,high,high,high_high,Valid
118011341,3409,7060,48.3,652,high,high,high_high,Valid
118011342,0,0,,,,,,Insufficient renter data or unavailable median rent
118011344,1419,4082,34.8,650,mid,high,mid_high,Valid
118011345,3072,6557,46.9,590,high,high,high_high,Valid
118011346,1123,4213,26.7,713,mid,high,mid_high,Valid
118011347,1077,3100,34.7,675,mid,high,mid_high,Valid
118011649,2015,5622,35.8,660,mid,high,mid_high,Valid
118011650,2034,4645,43.8,720,high,high,high_high,Valid
118021564,2410,4326,55.7,500,high,high,high_high,Valid
118021565,2622,5097,51.4,475,high,high,high_high,Valid
118021566,1154,3578,32.3,600,mid,high,mid_high,Valid
118021567,2371,4511,52.6,490,high,high,high_high,Valid
118021568,1610,3789,42.5,550,high,high,high_high,Valid
118021569,3354,6742,49.7,570,high,high,high_high,Valid
118021570,2641,5022,52.6,575,high,high,high_high,Valid
118021651,4115,8055,51.1,650,high,high,high_high,Valid
118021652,1303,3476,37.5,535,high,high,high_high,Valid
118021653,1562,4577,34.1,475,mid,high,mid_high,Valid
118021654,958,2023,47.4,207,high,low,high_low,Valid
119011354,2226,6571,33.9,400,mid,mid,mid_mid,Valid
119011355,180,432,41.7,500,high,high,high_high,Valid
119011356,973,3392,28.7,500,mid,high,mid_high,Valid
119011358,1708,5867,29.1,470,mid,high,mid_high,Valid
119011360,1953,5698,34.3,460,mid,high,mid_high,Valid
119011361,2424,6404,37.9,400,high,mid,high_mid,Valid
119011571,2867,5454,52.6,400,high,mid,high_mid,Valid
119011572,2762,5510,50.1,415,high,mid,high_mid,Valid
119011655,1413,4013,35.2,400,mid,mid,mid_mid,Valid
119011656,1073,3459,31.0,450,mid,high,mid_high,Valid
119011657,921,3743,24.6,480,mid,high,mid_high,Valid
119011658,1287,5364,24.0,480,mid,high,mid_high,Valid
119021362,2739,6849,40.0,395,high,mid,high_mid,Valid
119021366,2394,6044,39.6,380,high,mid,high_mid,Valid
119021367,1377,4654,29.6,425,mid,mid,mid_mid,Valid
119021573,2889,4862,59.4,350,high,low,high_low,Valid
119021574,1703,3044,55.9,350,high,low,high_low,Valid
119021659,1985,3937,50.4,400,high,mid,high_mid,Valid
119021660,1872,3040,61.6,380,high,mid,high_mid,Valid
119021661,1923,4419,43.5,450,high,high,high_high,Valid
119021662,1262,6067,20.8,570,low,high,low_high,Valid
119021663,498,2022,24.6,450,mid,high,mid_high,Valid
119031370,1776,4755,37.4,400,high,mid,high_mid,Valid
119031371,882,4281,20.6,490,low,high,low_high,Valid
119031372,1408,6798,20.7,450,low,high,low_high,Valid
119031373,2458,4304,57.1,300,high,low,high_low,Valid
119031374,2485,8215,30.2,490,mid,high,mid_high,Valid
119031664,2514,4280,58.7,460,high,high,high_high,Valid
119031665,1155,3742,30.9,490,mid,high,mid_high,Valid
119031666,1610,5226,30.8,420,mid,mid,mid_mid,Valid
119031667,1538,3552,43.3,400,high,mid,high_mid,Valid
119041377,1202,4425,27.2,500,mid,high,mid_high,Valid
119041378,2270,4848,46.8,464,high,high,high_high,Valid
119041379,2151,5694,37.8,450,high,high,high_high,Valid
119041380,2140,5566,38.4,450,high,high,high_high,Valid
119041381,3068,6992,43.9,460,high,high,high_high,Valid
119041382,1937,6494,29.8,500,mid,high,mid_high,Valid
119041668,2124,5494,38.7,500,high,high,high_high,Valid
119041669,748,3128,23.9,520,mid,high,mid_high,Valid
119041670,1940,5413,35.8,420,mid,mid,mid_mid,Valid
119041671,2932,4610,63.6,540,high,high,high_high,Valid
120011383,2575,8618,29.9,600,mid,high,mid_high,Valid
120011385,2287,7169,31.9,600,mid,high,mid_high,Valid
120011386,3081,8328,37.0,576,high,high,high_high,Valid
120011672,1596,4388,36.4,500,high,high,high_high,Valid
120011673,3006,5001,60.1,560,high,high,high_high,Valid
120021387,2562,6568,39.0,640,high,high,high_high,Valid
120021389,2208,5611,39.4,600,high,high,high_high,Valid
120021674,1598,3794,42.1,570,high,high,high_high,Valid
120021675,2721,6833,39.8,600,high,high,high_high,Valid
120031392,1667,4554,36.6,480,high,high,high_high,Valid
120031393,1988,6211,32.0,430,mid,high,mid_high,Valid
120031394,3577,7643,46.8,480,high,high,high_high,Valid
120031395,1895,5234,36.2,470,high,high,high_high,Valid
120031396,4437,7567,58.6,450,high,high,high_high,Valid
120031576,433,1259,34.4,460,mid,high,mid_high,Valid
120031676,2575,4683,55.0,420,high,mid,high_mid,Valid
120031677,2178,4752,45.8,470,high,high,high_high,Valid
120031678,3749,5936,63.2,500,high,high,high_high,Valid
120031679,1199,3680,32.6,460,mid,high,mid_high,Valid
120031680,3249,5605,58.0,480,high,high,high_high,Valid
120031681,597,2847,21.0,530,low,high,low_high,Valid
121011399,3092,8239,37.5,500,high,high,high_high,Valid
121011401,2965,5386,55.1,600,high,high,high_high,Valid
121011682,1814,3612,50.2,525,high,high,high_high,Valid
121011683,674,4420,15.2,850,low,high,low_high,Valid
121011684,3912,7293,53.6,590,high,high,high_high,Valid
121011685,1202,4581,26.2,600,mid,high,mid_high,Valid
121011686,2382,6199,38.4,550,high,high,high_high,Valid
121011687,1318,4505,29.3,596,mid,high,mid_high,Valid
121021403,1583,7540,21.0,500,low,high,low_high,Valid
121021404,490,4006,12.2,560,low,high,low_high,Valid
121021406,1134,6297,18.0,550,low,high,low_high,Valid
121021577,2625,4932,53.2,440,high,high,high_high,Valid
121021578,1063,3703,28.7,450,mid,high,mid_high,Valid
121021579,1851,4382,42.2,490,high,high,high_high,Valid
121031407,2220,7808,28.4,600,mid,high,mid_high,Valid
121031408,2037,8314,24.5,620,mid,high,mid_high,Valid
121031409,990,5577,17.8,650,low,high,low_high,Valid
121031410,1127,7278,15.5,700,low,high,low_high,Valid
121031411,1048,6941,15.1,610,low,high,low_high,Valid
121031412,956,5929,16.1,650,low,high,low_high,Valid
121041413,3665,8405,43.6,600,high,high,high_high,Valid
121041414,4249,8384,50.7,575,high,high,high_high,Valid
121041416,4617,8374,55.1,541,high,high,high_high,Valid
121041417,3598,6069,59.3,600,high,high,high_high,Valid
121041688,1801,5707,31.6,600,mid,high,mid_high,Valid
121041689,2053,5829,35.2,580,mid,high,mid_high,Valid
122011418,1502,7029,21.4,697,low,high,low_high,Valid
122011419,4485,9409,47.7,725,high,high,high_high,Valid
122021420,724,4701,15.4,745,low,high,low_high,Valid
122021421,425,3875,11.0,745,low,high,low_high,Valid
122021422,962,4957,19.4,628,low,high,low_high,Valid
122021690,1054,5172,20.4,660,low,high,low_high,Valid
122021691,688,3550,19.4,710,low,high,low_high,Valid
122031424,1161,4671,24.9,550,mid,high,mid_high,Valid
122031425,382,2657,14.4,650,low,high,low_high,Valid
122031427,747,4286,17.4,720,low,high,low_high,Valid
122031429,3032,8298,36.5,600,high,high,high_high,Valid
122031430,1616,5955,27.1,550,mid,high,mid_high,Valid
122031432,189,1190,15.9,610,low,high,low_high,Valid
122031692,333,2857,11.7,885,low,high,low_high,Valid
122031693,1270,4851,26.2,600,mid,high,mid_high,Valid
122031694,1072,3222,33.3,573,mid,high,mid_high,Valid
122031695,3749,7629,49.1,550,high,high,high_high,Valid
122031696,743,5301,14.0,828,low,high,low_high,Valid
122031697,1489,4536,32.8,580,mid,high,mid_high,Valid
123011433,767,4491,17.1,420,low,mid,low_mid,Valid
123011698,638,2064,30.9,460,mid,high,mid_high,Valid
123011699,1275,4628,27.5,450,mid,high,mid_high,Valid
123011700,451,3211,14.0,550,low,high,low_high,Valid
123011701,1200,5855,20.5,470,low,high,low_high,Valid
123011702,814,3069,26.5,510,mid,high,mid_high,Valid
123021436,2477,6462,38.3,370,high,low,high_low,Valid
123021437,3489,7832,44.5,390,high,mid,high_mid,Valid
123021438,1717,6284,27.3,375,mid,mid,mid_mid,Valid
123021439,0,0,,330,,,,Insufficient renter data or unavailable median rent
123021441,1796,5716,31.4,360,mid,low,mid_low,Valid
123021443,2118,6480,32.7,370,mid,low,mid_low,Valid
123021444,2103,6753,31.1,370,mid,low,mid_low,Valid
123021703,1023,4253,24.1,550,mid,high,mid_high,Valid
123021704,1094,3189,34.3,420,mid,mid,mid_mid,Valid
123021705,1820,5509,33.0,380,mid,mid,mid_mid,Valid
123021706,1976,4565,43.3,340,high,low,high_low,Valid
123031445,324,1966,16.5,415,low,mid,low_mid,Valid
123031446,417,3316,12.6,490,low,high,low_high,Valid
123031447,1523,6501,23.4,400,mid,mid,mid_mid,Valid
123031448,325,2927,11.1,410,low,mid,low_mid,Valid
124011449,532,2655,20.0,380,low,mid,low_mid,Valid
124011450,997,6729,14.8,440,low,high,low_high,Valid
124011451,0,5,,,,,,Insufficient renter data or unavailable median rent
124011452,1745,6063,28.8,380,mid,mid,mid_mid,Valid
124011453,648,4418,14.7,400,low,mid,low_mid,Valid
124011454,1116,7996,14.0,420,low,mid,low_mid,Valid
124011455,452,2613,17.3,430,low,high,low_high,Valid
124021456,0,7,,150,,,,Insufficient renter data or unavailable median rent
124031457,1472,5462,26.9,400,mid,mid,mid_mid,Valid
124031459,938,4931,19.0,437,low,high,low_high,Valid
124031460,1500,6667,22.5,465,low,high,low_high,Valid
124031461,2104,6375,33.0,400,mid,mid,mid_mid,Valid
124031462,3600,8421,42.8,370,high,low,high_low,Valid
124031463,681,3547,19.2,530,low,high,low_high,Valid
124031464,4770,7777,61.3,380,high,mid,high_mid,Valid
124031465,238,1865,12.8,416,low,mid,low_mid,Valid
124031707,1420,5426,26.2,410,mid,mid,mid_mid,Valid
124031708,1324,3986,33.2,530,mid,high,mid_high,Valid
124041466,1996,5741,34.8,400,mid,mid,mid_mid,Valid
124041467,2085,5470,38.1,390,high,mid,high_mid,Valid
124041468,373,1804,20.7,470,low,high,low_high,Valid
124051469,385,1963,19.6,450,low,high,low_high,Valid
124051470,1353,6257,21.6,440,low,high,low_high,Valid
124051580,1551,4230,36.7,390,high,mid,high_mid,Valid
124051581,3243,6001,54.0,360,high,low,high_low,Valid
125011475,4,4,,243,,,,Insufficient renter data or unavailable median rent
125011582,2611,5107,51.1,450,high,high,high_high,Valid
125011583,2047,3246,63.1,380,high,mid,high_mid,Valid
125011584,814,2232,36.5,435,high,high,high_high,Valid
125011585,1096,2657,41.2,380,high,mid,high_mid,Valid
125011586,2891,6620,43.7,480,high,high,high_high,Valid
125011587,727,1590,45.7,375,high,mid,high_mid,Valid
125011709,1003,2704,37.1,520,high,high,high_high,Valid
125011710,5656,9355,60.5,510,high,high,high_high,Valid
125021477,3469,8301,41.8,430,high,high,high_high,Valid
125021478,2351,6282,37.4,420,high,mid,high_mid,Valid
125021711,932,3779,24.7,520,mid,high,mid_high,Valid
125021712,2156,6179,34.9,490,mid,high,mid_high,Valid
125031479,2235,5690,39.3,400,high,mid,high_mid,Valid
125031480,2037,4500,45.3,300,high,low,high_low,Valid
125031481,3311,6883,48.1,420,high,mid,high_mid,Valid
125031483,2880,6003,48.0,360,high,low,high_low,Valid
125031484,2855,6819,41.9,400,high,mid,high_mid,Valid
125031486,7,11,,150,,,,Insufficient renter data or unavailable median rent
125031487,4,4,,462,,,,Insufficient renter data or unavailable median rent
125031713,1023,5204,19.7,480,low,high,low_high,Valid
125031714,3838,7397,51.9,400,high,mid,high_mid,Valid
125031715,734,3331,22.0,500,low,high,low_high,Valid
125031716,823,2229,36.9,460,high,high,high_high,Valid
125041489,5368,8918,60.2,410,high,mid,high_mid,Valid
125041490,492,2734,18.0,550,low,high,low_high,Valid
125041491,4008,7655,52.4,420,high,mid,high_mid,Valid
125041493,2378,7576,31.4,438,mid,high,mid_high,Valid
125041494,476,3659,13.0,530,low,high,low_high,Valid
125041588,1834,4363,42.0,420,high,mid,high_mid,Valid
125041589,4115,7082,58.1,420,high,mid,high_mid,Valid
125041717,3727,4899,76.1,450,high,high,high_high,Valid
125041718,2432,3469,70.1,400,high,mid,high_mid,Valid
125041719,2376,3353,70.9,375,high,mid,high_mid,Valid
126011496,1403,7233,19.4,530,low,high,low_high,Valid
126011720,1884,5046,37.3,500,high,high,high_high,Valid
126011721,2577,6399,40.3,500,high,high,high_high,Valid
126021498,2251,6157,36.6,460,high,high,high_high,Valid
126021499,672,3202,21.0,540,low,high,low_high,Valid
126021500,5000,9602,52.1,470,high,high,high_high,Valid
126021501,1898,5480,34.6,521,mid,high,mid_high,Valid
126021503,3775,8023,47.1,420,high,mid,high_mid,Valid
126021590,207,1343,15.4,700,low,high,low_high,Valid
126021722,393,2251,17.5,600,low,high,low_high,Valid
126021723,2573,6569,39.2,450,high,high,high_high,Valid
126021724,3089,7611,40.6,430,high,high,high_high,Valid
126021725,2524,4854,52.0,500,high,high,high_high,Valid
127011504,2875,5207,55.2,266,high,low,high_low,Valid
127011505,990,3510,28.2,500,mid,high,mid_high,Valid
127011592,5,10,,182,,,,Insufficient renter data or unavailable median rent
127011593,273,1827,14.9,550,low,high,low_high,Valid
127011594,996,3500,28.5,450,mid,high,mid_high,Valid
127011595,724,3444,21.0,480,low,high,low_high,Valid
127011596,790,3524,22.4,500,low,high,low_high,Valid
127011597,947,4480,21.1,525,low,high,low_high,Valid
127011726,316,1526,20.7,530,low,high,low_high,Valid
127011727,1180,4323,27.3,530,mid,high,mid_high,Valid
127011728,907,3740,24.3,550,mid,high,mid_high,Valid
127011729,1838,5114,35.9,530,mid,high,mid_high,Valid
127021509,1656,4789,34.6,400,mid,mid,mid_mid,Valid
127021510,1489,5637,26.4,470,mid,high,mid_high,Valid
127021511,3324,7237,45.9,330,high,low,high_low,Valid
127021512,1846,5057,36.5,380,high,mid,high_mid,Valid
127021513,2541,6203,41.0,360,high,low,high_low,Valid
127021514,772,2861,27.0,450,mid,high,mid_high,Valid
127021515,3438,5796,59.3,367,high,low,high_low,Valid
127021516,2380,5771,41.2,450,high,high,high_high,Valid
127021517,793,2511,31.6,450,mid,high,mid_high,Valid
127021518,175,1173,14.9,440,low,high,low_high,Valid
127021519,2238,5909,37.9,420,high,mid,high_mid,Valid
127021520,728,3209,22.7,450,low,high,low_high,Valid
127021521,13,13,,400,,,,Insufficient renter data or unavailable median rent
127031522,1599,4928,32.4,450,mid,high,mid_high,Valid
127031523,1416,6413,22.1,500,low,high,low_high,Valid
127031524,1736,6325,27.4,495,mid,high,mid_high,Valid
127031599,1771,3738,47.4,350,high,low,high_low,Valid
127031601,1649,2326,70.9,320,high,low,high_low,Valid
127031730,1074,3320,32.3,550,mid,high,mid_high,Valid
127031731,4693,6608,71.0,380,high,mid,high_mid,Valid
127031732,2126,4226,50.3,360,high,low,high_low,Valid
127031733,748,4088,18.3,520,low,high,low_high,Valid
128011529,1265,6353,19.9,530,low,high,low_high,Valid
128011530,2498,7824,31.9,490,mid,high,mid_high,Valid
128011531,1047,5773,18.1,550,low,high,low_high,Valid
128011602,2029,5304,38.3,470,high,high,high_high,Valid
128011603,513,4361,11.8,730,low,high,low_high,Valid
128011604,3652,10160,35.9,500,mid,high,mid_high,Valid
128011605,70,1002,7.0,833,low,high,low_high,Valid
128011606,684,3278,20.9,550,low,high,low_high,Valid
128021533,276,2310,11.9,520,low,high,low_high,Valid
128021534,228,3290,6.9,680,low,high,low_high,Valid
128021535,752,6742,11.2,580,low,high,low_high,Valid
128021536,1107,7347,15.1,500,low,high,low_high,Valid
128021537,8,8,,390,,,,Insufficient renter data or unavailable median rent
128021538,3456,9515,36.3,460,high,high,high_high,Valid
128021607,811,5858,13.8,500,low,high,low_high,Valid
128021608,218,2443,8.9,550,low,high,low_high,Valid
128021609,60,1092,5.5,738,low,high,low_high,Valid
206011106,3240,6042,53.6,421,high,mid,high_mid,Valid
206011107,3090,6396,48.3,365,high,low,high_low,Valid
206011109,901,3715,24.3,421,mid,mid,mid_mid,Valid
206011495,2618,5605,46.7,431,high,high,high_high,Valid
206011496,3005,5902,50.9,450,high,high,high_high,Valid
206011497,1939,5022,38.6,416,high,mid,high_mid,Valid
206011498,1470,5129,28.7,450,mid,high,mid_high,Valid
206021110,1388,3681,37.7,381,high,mid,high_mid,Valid
206021112,3326,7896,42.1,396,high,mid,high_mid,Valid
206021499,2245,6025,37.3,461,high,high,high_high,Valid
206021500,1677,4254,39.4,490,high,high,high_high,Valid
206031113,2281,5927,38.5,370,high,low,high_low,Valid
206031115,2483,4095,60.6,324,high,low,high_low,Valid
206031116,2678,6846,39.1,400,high,mid,high_mid,Valid
206031501,1802,6033,29.9,382,mid,mid,mid_mid,Valid
206031502,2188,5191,42.1,371,high,mid,high_mid,Valid
206041117,5219,7118,73.3,365,high,low,high_low,Valid
206041118,5146,7612,67.6,411,high,mid,high_mid,Valid
206041119,1309,2463,53.1,480,high,high,high_high,Valid
206041120,8,23,,401,,,,Insufficient renter data or unavailable median rent
206041121,2344,4719,49.7,416,high,mid,high_mid,Valid
206041124,1396,2167,64.4,396,high,mid,high_mid,Valid
206041125,1634,3079,53.1,457,high,high,high_high,Valid
206041127,0,0,,,,,,Insufficient renter data or unavailable median rent
206041503,3359,4781,70.3,375,high,mid,high_mid,Valid
206041504,6913,8824,78.3,361,high,low,high_low,Valid
206041505,6238,8082,77.2,376,high,mid,high_mid,Valid
206041506,4453,6868,64.8,381,high,mid,high_mid,Valid
206041507,0,0,,,,,,Insufficient renter data or unavailable median rent
206041508,2120,3375,62.8,430,high,high,high_high,Valid
206041509,5952,8578,69.4,408,high,mid,high_mid,Valid
206041510,2339,3549,65.9,390,high,mid,high_mid,Valid
206051128,3180,7191,44.2,493,high,high,high_high,Valid
206051129,3674,7111,51.7,415,high,mid,high_mid,Valid
206051130,3114,7322,42.5,522,high,high,high_high,Valid
206051134,3837,7456,51.5,384,high,mid,high_mid,Valid
206051511,481,791,60.8,585,high,high,high_high,Valid
206051512,3115,5666,55.0,421,high,mid,high_mid,Valid
206051513,3993,6402,62.4,381,high,mid,high_mid,Valid
206051514,4021,6869,58.5,392,high,mid,high_mid,Valid
206061135,1947,4342,44.8,421,high,mid,high_mid,Valid
206061136,5371,9673,55.5,421,high,mid,high_mid,Valid
206061138,1742,5560,31.3,490,mid,high,mid_high,Valid
206061515,4150,6214,66.8,426,high,high,high_high,Valid
206061516,3011,5013,60.1,395,high,mid,high_mid,Valid
206071139,2465,4413,55.9,425,high,mid,high_mid,Valid
206071140,1680,3469,48.4,541,high,high,high_high,Valid
206071141,2930,4482,65.4,425,high,mid,high_mid,Valid
206071142,2726,4548,59.9,451,high,high,high_high,Valid
206071143,2696,5478,49.2,481,high,high,high_high,Valid
206071145,1567,3961,39.6,500,high,high,high_high,Valid
206071517,3982,8011,49.7,508,high,high,high_high,Valid
206071518,4047,6624,61.1,400,high,mid,high_mid,Valid
207011146,684,2690,25.4,455,mid,high,mid_high,Valid
207011147,1586,6070,26.1,461,mid,high,mid_high,Valid
207011148,1375,6995,19.7,554,low,high,low_high,Valid
207011149,1946,7634,25.5,490,mid,high,mid_high,Valid
207011150,1257,5943,21.2,522,low,high,low_high,Valid
207011152,2712,6628,40.9,411,high,mid,high_mid,Valid
207011154,544,2297,23.7,466,mid,high,mid_high,Valid
207011155,1156,5757,20.1,475,low,high,low_high,Valid
207011519,1747,4051,43.1,401,high,mid,high_mid,Valid
207011520,2590,5436,47.6,400,high,mid,high_mid,Valid
207011521,1077,4239,25.4,501,mid,high,mid_high,Valid
207011522,1549,4839,32.0,456,mid,high,mid_high,Valid
207021156,871,4257,20.5,460,low,high,low_high,Valid
207021157,3048,9835,31.0,450,mid,high,mid_high,Valid
207021159,809,5666,14.3,513,low,high,low_high,Valid
207021160,893,5003,17.8,475,low,high,low_high,Valid
207021424,909,5316,17.1,497,low,high,low_high,Valid
207021425,1697,5647,30.1,460,mid,high,mid_high,Valid
207031161,2031,8234,24.7,420,mid,mid,mid_mid,Valid
207031162,968,3987,24.3,410,mid,mid,mid_mid,Valid
207031163,4367,9084,48.1,391,high,mid,high_mid,Valid
207031164,1951,6639,29.4,438,mid,high,mid_high,Valid
207031165,1764,4440,39.7,401,high,mid,high_mid,Valid
207031166,1023,3982,25.7,439,mid,high,mid_high,Valid
207031167,966,3790,25.5,462,mid,high,mid_high,Valid
208011168,655,5006,13.1,612,low,high,low_high,Valid
208011169,2132,8784,24.3,600,mid,high,mid_high,Valid
208011170,1181,5759,20.5,602,low,high,low_high,Valid
208011171,1273,4681,27.2,450,mid,high,mid_high,Valid
208011172,1791,6831,26.2,471,mid,high,mid_high,Valid
208011173,1535,6756,22.7,486,low,high,low_high,Valid
208021174,2688,9199,29.2,491,mid,high,mid_high,Valid
208021176,3488,8090,43.1,395,high,mid,high_mid,Valid
208021177,3473,8621,40.3,426,high,high,high_high,Valid
208021178,1896,6719,28.2,483,mid,high,mid_high,Valid
208021179,1969,4952,39.8,426,high,high,high_high,Valid
208021180,1026,2934,35.0,416,mid,mid,mid_mid,Valid
208021181,1335,3721,35.9,390,mid,mid,mid_mid,Valid
208021182,2233,5438,41.1,391,high,mid,high_mid,Valid
208021426,1477,5784,25.5,508,mid,high,mid_high,Valid
208021427,1185,5140,23.1,490,mid,high,mid_high,Valid
208031183,302,2840,10.6,510,low,high,low_high,Valid
208031184,5,23,,504,,,,Insufficient renter data or unavailable median rent
208031185,1025,4822,21.3,420,low,mid,low_mid,Valid
208031186,1994,6403,31.1,381,mid,mid,mid_mid,Valid
208031187,261,1984,13.2,412,low,mid,low_mid,Valid
208031188,2710,9719,27.9,421,mid,mid,mid_mid,Valid
208031189,1082,5053,21.4,440,low,high,low_high,Valid
208031190,1823,5608,32.5,392,mid,mid,mid_mid,Valid
208031191,963,3355,28.7,440,mid,high,mid_high,Valid
208031192,0,0,,486,,,,Insufficient renter data or unavailable median rent
208031193,2094,8209,25.5,400,mid,mid,mid_mid,Valid
208041194,2681,8287,32.4,410,mid,mid,mid_mid,Valid
208041195,2578,8137,31.7,421,mid,mid,mid_mid,Valid
209011196,801,3490,23.0,385,low,mid,low_mid,Valid
209011197,1402,7616,18.4,400,low,mid,low_mid,Valid
209011198,1967,6193,31.8,401,mid,mid,mid_mid,Valid
209011199,2840,5939,47.8,353,high,low,high_low,Valid
209011200,1523,4885,31.2,440,mid,high,mid_high,Valid
209011201,553,2780,19.9,451,low,high,low_high,Valid
209011202,1102,6296,17.5,415,low,mid,low_mid,Valid
209011203,1395,6742,20.7,400,low,mid,low_mid,Valid
209011204,804,3496,23.0,390,low,mid,low_mid,Valid
209021205,1314,3628,36.2,369,high,low,high_low,Valid
209021428,3773,8562,44.1,391,high,mid,high_mid,Valid
209021429,1657,4843,34.2,400,mid,mid,mid_mid,Valid
209021523,2371,5996,39.5,358,high,low,high_low,Valid
209021524,714,3447,20.7,371,low,mid,low_mid,Valid
209021525,2136,5078,42.1,349,high,low,high_low,Valid
209021526,2299,5595,41.1,361,high,low,high_low,Valid
209031209,870,7998,10.9,446,low,high,low_high,Valid
209031210,125,1209,10.3,420,low,mid,low_mid,Valid
209031211,81,1406,5.8,306,low,low,low_low,Valid
209031212,113,1678,6.7,300,low,low,low_low,Valid
209031213,197,3001,6.6,480,low,high,low_high,Valid
209031214,138,2178,6.3,462,low,high,low_high,Valid
209031215,448,4731,9.5,429,low,high,low_high,Valid
209041216,721,2561,28.2,381,mid,mid,mid_mid,Valid
209041217,697,2378,29.3,380,mid,mid,mid_mid,Valid
209041220,1363,6024,22.6,365,low,low,low_low,Valid
209041221,944,3925,24.1,369,mid,low,mid_low,Valid
209041223,2104,7188,29.3,350,mid,low,mid_low,Valid
209041224,1339,7117,18.8,361,low,low,low_low,Valid
209041225,559,3468,16.1,375,low,mid,low_mid,Valid
209041431,1044,4097,25.5,360,mid,low,mid_low,Valid
209041432,978,2813,34.8,350,mid,low,mid_low,Valid
209041433,1144,3663,31.2,381,mid,mid,mid_mid,Valid
209041435,746,3816,19.5,400,low,mid,low_mid,Valid
209041436,920,4125,22.3,380,low,mid,low_mid,Valid
209041437,1712,7141,24.0,391,mid,mid,mid_mid,Valid
209041527,1057,5124,20.6,400,low,mid,low_mid,Valid
209041528,808,3460,23.4,386,mid,mid,mid_mid,Valid
209041529,1188,3550,33.5,350,mid,low,mid_low,Valid
209041530,1008,4308,23.4,366,mid,low,mid_low,Valid
209041531,1064,3830,27.8,378,mid,mid,mid_mid,Valid
209041532,1004,3642,27.6,390,mid,mid,mid_mid,Valid
210011226,973,3414,28.5,401,mid,mid,mid_mid,Valid
210011227,0,0,,,,,,Insufficient renter data or unavailable median rent
210011228,376,3106,12.1,396,low,mid,low_mid,Valid
210011230,667,2761,24.2,435,mid,high,mid_high,Valid
210011231,585,3427,17.1,450,low,high,low_high,Valid
210011533,892,4437,20.1,400,low,mid,low_mid,Valid
210011534,1023,5381,19.0,408,low,mid,low_mid,Valid
210021232,671,4725,14.2,430,low,high,low_high,Valid
210021233,103,1211,8.5,361,low,low,low_low,Valid
210021234,177,1521,11.6,400,low,mid,low_mid,Valid
210021235,394,3709,10.6,365,low,low,low_low,Valid
210031236,969,3086,31.4,401,mid,mid,mid_mid,Valid
210031237,1416,4537,31.2,380,mid,mid,mid_mid,Valid
210031439,162,1117,14.5,423,low,mid,low_mid,Valid
210031440,627,2293,27.3,376,mid,mid,mid_mid,Valid
210031535,1997,5328,37.5,369,high,low,high_low,Valid
210031536,1259,3151,40.0,369,high,low,high_low,Valid
210031537,992,3007,33.0,401,mid,mid,mid_mid,Valid
210031538,2371,6740,35.2,400,mid,mid,mid_mid,Valid
210041240,646,4618,14.0,371,low,mid,low_mid,Valid
210041539,403,1912,21.1,396,low,mid,low_mid,Valid
210041540,1475,5697,25.9,351,mid,low,mid_low,Valid
210041541,819,3966,20.7,376,low,mid,low_mid,Valid
210051242,2106,4279,49.2,331,high,low,high_low,Valid
210051243,1463,4790,30.5,330,mid,low,mid_low,Valid
210051245,1328,6422,20.7,371,low,mid,low_mid,Valid
210051246,807,6541,12.3,430,low,high,low_high,Valid
210051247,1305,4142,31.5,346,mid,low,mid_low,Valid
210051248,10,30,,250,,,,Insufficient renter data or unavailable median rent
210051250,926,2713,34.1,351,mid,low,mid_low,Valid
210051441,705,2556,27.6,350,mid,low,mid_low,Valid
210051442,965,3478,27.7,371,mid,mid,mid_mid,Valid
210051443,1594,6089,26.2,375,mid,mid,mid_mid,Valid
210051445,1507,6686,22.5,400,low,mid,low_mid,Valid
210051542,856,2742,31.2,396,mid,mid,mid_mid,Valid
210051543,1266,3732,33.9,381,mid,mid,mid_mid,Valid
210051544,608,2629,23.1,375,mid,mid,mid_mid,Valid
210051545,813,3573,22.8,395,low,mid,low_mid,Valid
211011251,1677,4925,34.1,376,mid,mid,mid_mid,Valid
211011254,1341,5799,23.1,425,mid,mid,mid_mid,Valid
211011255,157,2027,7.7,435,low,high,low_high,Valid
211011256,1023,5368,19.1,425,low,mid,low_mid,Valid
211011257,329,2591,12.7,450,low,high,low_high,Valid
211011258,382,3370,11.3,471,low,high,low_high,Valid
211011259,980,4878,20.1,427,low,high,low_high,Valid
211011260,1330,6302,21.1,426,low,high,low_high,Valid
211011446,2636,9201,28.6,376,mid,mid,mid_mid,Valid
211011447,1300,5530,23.5,370,mid,low,mid_low,Valid
211011448,989,5458,18.1,405,low,mid,low_mid,Valid
211011449,152,1502,10.1,366,low,low,low_low,Valid
211021261,690,5401,12.8,451,low,high,low_high,Valid
211021262,223,3208,7.0,481,low,high,low_high,Valid
211031263,891,4294,20.7,361,low,low,low_low,Valid
211031265,821,6100,13.5,431,low,high,low_high,Valid
211031266,2910,7382,39.4,381,high,mid,high_mid,Valid
211031267,1952,7791,25.1,385,mid,mid,mid_mid,Valid
211031268,406,3303,12.3,436,low,high,low_high,Valid
211031450,1989,6557,30.3,371,mid,mid,mid_mid,Valid
211031451,1172,5389,21.7,399,low,mid,low_mid,Valid
211031452,352,1805,19.5,410,low,mid,low_mid,Valid
211041269,1057,4049,26.1,396,mid,mid,mid_mid,Valid
211041270,1791,6456,27.7,406,mid,mid,mid_mid,Valid
211041271,1323,4493,29.4,391,mid,mid,mid_mid,Valid
211041272,714,3778,18.9,426,low,high,low_high,Valid
211041273,566,4048,14.0,496,low,high,low_high,Valid
211051274,259,3415,7.6,400,low,mid,low_mid,Valid
211051275,611,4051,15.1,443,low,high,low_high,Valid
211051276,758,5232,14.5,350,low,low,low_low,Valid
211051277,767,3838,20.0,396,low,mid,low_mid,Valid
211051278,1357,7266,18.7,369,low,low,low_low,Valid
211051279,251,1996,12.6,360,low,low,low_low,Valid
211051280,199,2323,8.6,365,low,low,low_low,Valid
211051281,1656,8044,20.6,400,low,mid,low_mid,Valid
211051282,300,3544,8.5,400,low,mid,low_mid,Valid
211051283,313,3349,9.3,365,low,low,low_low,Valid
211051284,386,3507,11.0,375,low,mid,low_mid,Valid
211051285,265,2623,10.1,360,low,low,low_low,Valid
211051286,751,6112,12.3,315,low,low,low_low,Valid
212011289,461,6002,7.7,370,low,low,low_low,Valid
212011546,1997,7829,25.5,391,mid,mid,mid_mid,Valid
212011547,385,3153,12.2,311,low,low,low_low,Valid
212011548,523,3444,15.2,320,low,low,low_low,Valid
212011549,1610,5347,30.1,346,mid,low,mid_low,Valid
212011550,718,2464,29.1,366,mid,low,mid_low,Valid
212011551,1034,2536,40.8,335,high,low,high_low,Valid
212011552,2439,8479,28.8,369,mid,low,mid_low,Valid
212021293,1546,8290,18.6,380,low,mid,low_mid,Valid
212021295,1688,3937,42.9,320,high,low,high_low,Valid
212021297,925,3487,26.5,361,mid,low,mid_low,Valid
212021299,97,2288,4.2,400,low,mid,low_mid,Valid
212021453,726,3841,18.9,369,low,low,low_low,Valid
212021454,782,4366,17.9,383,low,mid,low_mid,Valid
212021455,920,4287,21.5,370,low,low,low_low,Valid
212021456,1704,4938,34.5,360,mid,low,mid_low,Valid
212021553,1140,5236,21.8,430,low,high,low_high,Valid
212021554,1108,3465,32.0,400,mid,mid,mid_mid,Valid
212031300,2451,7106,34.5,342,mid,low,mid_low,Valid
212031303,869,5482,15.9,408,low,mid,low_mid,Valid
212031304,1432,6571,21.8,380,low,mid,low_mid,Valid
212031306,1001,4862,20.6,416,low,mid,low_mid,Valid
212031308,294,2655,11.1,370,low,low,low_low,Valid
212031457,425,3692,11.5,430,low,high,low_high,Valid
212031458,960,4675,20.5,392,low,mid,low_mid,Valid
212031555,636,3069,20.7,421,low,mid,low_mid,Valid
212031556,827,4226,19.6,410,low,mid,low_mid,Valid
212031557,1743,6773,25.7,400,mid,mid,mid_mid,Valid
212031558,977,3712,26.3,401,mid,mid,mid_mid,Valid
212031559,986,3510,28.1,401,mid,mid,mid_mid,Valid
212031560,906,3704,24.5,355,mid,low,mid_low,Valid
212031561,1033,3689,28.0,355,mid,low,mid_low,Valid
212031562,1244,4072,30.6,350,mid,low,mid_low,Valid
212041309,842,3989,21.1,400,low,mid,low_mid,Valid
212041310,1903,4727,40.3,381,high,mid,high_mid,Valid
212041312,2115,7409,28.5,341,mid,low,mid_low,Valid
212041313,401,3739,10.7,450,low,high,low_high,Valid
212041316,689,2586,26.6,351,mid,low,mid_low,Valid
212041317,2853,7067,40.4,356,high,low,high_low,Valid
212041318,1029,3753,27.4,355,mid,low,mid_low,Valid
212041459,2169,4661,46.5,331,high,low,high_low,Valid
212041460,2329,6286,37.1,346,high,low,high_low,Valid
212041563,4053,7239,56.0,310,high,low,high_low,Valid
212041564,1288,2879,44.7,341,high,low,high_low,Valid
212041565,1008,4762,21.2,381,low,mid,low_mid,Valid
212041566,715,4317,16.6,520,low,high,low_high,Valid
212051319,2732,7245,37.7,415,high,mid,high_mid,Valid
212051321,1659,7258,22.9,500,low,high,low_high,Valid
212051322,2314,7114,32.5,462,mid,high,mid_high,Valid
212051323,1386,5649,24.5,485,mid,high,mid_high,Valid
212051324,1660,6772,24.5,470,mid,high,mid_high,Valid
212051325,1541,6763,22.8,430,low,high,low_high,Valid
212051326,2843,8468,33.6,415,mid,mid,mid_mid,Valid
212051327,970,7215,13.4,481,low,high,low_high,Valid
212051567,1926,2979,64.7,380,high,mid,high_mid,Valid
212051568,2348,4120,57.0,401,high,mid,high_mid,Valid
213011328,1191,2859,41.7,320,high,low,high_low,Valid
213011329,425,2765,15.4,400,low,mid,low_mid,Valid
213011331,616,2653,23.2,350,mid,low,mid_low,Valid
213011332,823,4458,18.5,360,low,low,low_low,Valid
213011333,1011,4383,23.1,323,mid,low,mid_low,Valid
213011334,2623,6717,39.1,330,high,low,high_low,Valid
213011335,1902,5381,35.3,323,mid,low,mid_low,Valid
213011336,1383,3316,41.7,340,high,low,high_low,Valid
213011337,1148,3798,30.2,341,mid,low,mid_low,Valid
213011338,1747,6104,28.6,346,mid,low,mid_low,Valid
213011339,1190,3793,31.4,366,mid,low,mid_low,Valid
213011340,560,5490,10.2,412,low,mid,low_mid,Valid
213011569,1727,5734,30.1,350,mid,low,mid_low,Valid
213011570,509,2283,22.3,400,low,mid,low_mid,Valid
213021341,1677,5567,30.1,390,mid,mid,mid_mid,Valid
213021342,1902,7052,27.0,341,mid,low,mid_low,Valid
213021343,1803,5474,32.9,400,mid,mid,mid_mid,Valid
213021344,2124,6942,30.6,460,mid,high,mid_high,Valid
213021345,326,1627,20.0,361,low,low,low_low,Valid
213021346,1590,6061,26.2,450,mid,high,mid_high,Valid
213031347,3172,6853,46.3,350,high,low,high_low,Valid
213031348,4172,7326,56.9,355,high,low,high_low,Valid
213031349,1935,5047,38.3,396,high,mid,high_mid,Valid
213031350,1430,3716,38.5,414,high,mid,high_mid,Valid
213031351,1875,4549,41.2,351,high,low,high_low,Valid
213031352,2007,5995,33.5,462,mid,high,mid_high,Valid
213041353,1856,8818,21.0,340,low,low,low_low,Valid
213041358,1732,6626,26.1,340,mid,low,mid_low,Valid
213041359,1105,4533,24.4,400,mid,mid,mid_mid,Valid
213041360,709,5477,12.9,400,low,mid,low_mid,Valid
213041461,175,1713,10.2,400,low,mid,low_mid,Valid
213041462,308,1696,18.2,411,low,mid,low_mid,Valid
213041463,1371,6192,22.1,401,low,mid,low_mid,Valid
213041571,808,3046,26.5,350,mid,low,mid_low,Valid
213041572,645,2180,29.6,371,mid,mid,mid_mid,Valid
213041573,92,933,9.9,380,low,mid,low_mid,Valid
213041574,520,3012,17.3,429,low,high,low_high,Valid
213041575,688,4904,14.0,380,low,mid,low_mid,Valid
213041576,876,3832,22.9,321,low,low,low_low,Valid
213041577,1037,2930,35.4,300,mid,low,mid_low,Valid
213041578,2041,5209,39.2,321,high,low,high_low,Valid
213051361,1394,6117,22.8,341,low,low,low_low,Valid
213051362,1931,6328,30.5,340,mid,low,mid_low,Valid
213051363,1746,3728,46.8,380,high,mid,high_mid,Valid
213051368,2101,5925,35.5,351,mid,low,mid_low,Valid
213051464,2010,5757,34.9,401,mid,mid,mid_mid,Valid
213051466,1785,5513,32.4,410,mid,mid,mid_mid,Valid
213051467,2479,6712,36.9,315,high,low,high_low,Valid
213051468,2278,7458,30.5,360,mid,low,mid_low,Valid
213051579,840,3077,27.3,361,mid,low,mid_low,Valid
213051580,1146,4512,25.4,390,mid,mid,mid_mid,Valid
213051581,913,2850,32.0,400,mid,mid,mid_mid,Valid
213051582,811,2777,29.2,385,mid,mid,mid_mid,Valid
213051583,2332,7539,30.9,380,mid,mid,mid_mid,Valid
213051584,605,1928,31.4,391,mid,mid,mid_mid,Valid
213051585,883,3118,28.3,369,mid,low,mid_low,Valid
213051586,714,2357,30.3,402,mid,mid,mid_mid,Valid
213051587,841,2739,30.7,395,mid,mid,mid_mid,Valid
213051588,1661,4978,33.4,377,mid,mid,mid_mid,Valid
213051589,1124,2776,40.5,350,high,low,high_low,Valid
213051590,1085,4277,25.4,336,mid,low,mid_low,Valid
214011370,2280,8227,27.7,370,mid,low,mid_low,Valid
214011371,4164,9639,43.2,335,high,low,high_low,Valid
214011372,2809,7523,37.3,341,high,low,high_low,Valid
214011373,1094,6764,16.2,420,low,mid,low_mid,Valid
214011374,1542,8877,17.4,365,low,low,low_low,Valid
214011375,2388,7117,33.6,351,mid,low,mid_low,Valid
214011376,713,4397,16.2,450,low,high,low_high,Valid
214021377,1301,5427,24.0,405,mid,mid,mid_mid,Valid
214021378,251,2332,10.8,424,low,mid,low_mid,Valid
214021379,2036,8943,22.8,330,low,low,low_low,Valid
214021381,536,6255,8.6,512,low,high,low_high,Valid
214021382,864,7031,12.3,496,low,high,low_high,Valid
214021383,1525,8425,18.1,376,low,mid,low_mid,Valid
214021384,2411,9565,25.2,350,mid,low,mid_low,Valid
214021385,1054,6800,15.5,380,low,mid,low_mid,Valid
214021591,1038,5648,18.4,400,low,mid,low_mid,Valid
214021592,1229,4779,25.7,410,mid,mid,mid_mid,Valid
301011001,1287,5842,22.0,400,low,mid,low_mid,Valid
301011002,341,2385,14.3,450,low,high,low_high,Valid
301011003,1015,5406,18.8,440,low,high,low_high,Valid
301011004,1781,6774,26.3,383,mid,mid,mid_mid,Valid
301011005,466,1614,28.9,370,mid,low,mid_low,Valid
301011006,870,4171,20.9,450,low,high,low_high,Valid
301021007,1959,6540,30.0,400,mid,mid,mid_mid,Valid
301021008,482,2377,20.3,450,low,high,low_high,Valid
301021009,1367,5981,22.9,470,low,high,low_high,Valid
301021011,281,2595,10.8,475,low,high,low_high,Valid
301021012,1669,6377,26.2,470,mid,high,mid_high,Valid
301021013,1154,5712,20.2,450,low,high,low_high,Valid
301021550,294,996,29.5,300,mid,low,mid_low,Valid
301021551,959,4086,23.5,260,mid,low,mid_low,Valid
301031014,10,13,,280,,,,Insufficient renter data or unavailable median rent
301031015,789,3013,26.2,410,mid,mid,mid_mid,Valid
301031016,979,4264,23.0,435,low,high,low_high,Valid
301031017,625,1773,35.3,450,mid,high,mid_high,Valid
301031018,858,3340,25.7,420,mid,mid,mid_mid,Valid
301031019,632,2974,21.3,510,low,high,low_high,Valid
301031020,1973,5647,34.9,400,mid,mid,mid_mid,Valid
301031021,1886,5738,32.9,413,mid,mid,mid_mid,Valid
302011022,683,2677,25.5,390,mid,mid,mid_mid,Valid
302011023,528,3436,15.4,525,low,high,low_high,Valid
302011024,1074,3558,30.2,440,mid,high,mid_high,Valid
302011025,1643,4094,40.1,420,high,mid,high_mid,Valid
302011026,647,2739,23.6,460,mid,high,mid_high,Valid
302021027,1234,5017,24.6,415,mid,mid,mid_mid,Valid
302021028,3394,5345,63.5,370,high,low,high_low,Valid
302021029,601,2359,25.5,455,mid,high,mid_high,Valid
302021030,419,1616,25.9,420,mid,mid,mid_mid,Valid
302021031,2482,5839,42.5,375,high,mid,high_mid,Valid
302021032,1411,2877,49.0,360,high,low,high_low,Valid
302021033,754,2592,29.1,410,mid,mid,mid_mid,Valid
302021034,1000,3714,26.9,430,mid,high,mid_high,Valid
302031035,970,3500,27.7,415,mid,mid,mid_mid,Valid
302031036,11,19,,350,,,,Insufficient renter data or unavailable median rent
302031037,625,1062,58.9,450,high,high,high_high,Valid
302031038,996,2706,36.8,380,high,mid,high_mid,Valid
302031039,1127,3834,29.4,450,mid,high,mid_high,Valid
302031040,3518,6325,55.6,370,high,low,high_low,Valid
302041041,1457,6032,24.2,410,mid,mid,mid_mid,Valid
302041042,736,3557,20.7,400,low,mid,low_mid,Valid
302041043,446,1509,29.6,350,mid,low,mid_low,Valid
302041044,772,2516,30.7,288,mid,low,mid_low,Valid
302041045,1944,5519,35.2,390,mid,mid,mid_mid,Valid
302041046,2060,3822,53.9,350,high,low,high_low,Valid
303011047,1231,4247,29.0,460,mid,high,mid_high,Valid
303011048,1055,2668,39.5,450,high,high,high_high,Valid
303011049,1563,4640,33.7,440,mid,high,mid_high,Valid
303011050,1155,2774,41.6,400,high,mid,high_mid,Valid
303011051,836,5670,14.7,533,low,high,low_high,Valid
303021052,2773,5077,54.6,360,high,low,high_low,Valid
303021053,3380,7493,45.1,380,high,mid,high_mid,Valid
303021054,1030,1991,51.7,400,high,mid,high_mid,Valid
303021055,2586,4657,55.5,376,high,mid,high_mid,Valid
303021056,1091,3146,34.7,395,mid,mid,mid_mid,Valid
303021057,848,2461,34.5,390,mid,mid,mid_mid,Valid
303021058,2395,3359,71.3,440,high,high,high_high,Valid
303021059,1592,4194,38.0,390,high,mid,high_mid,Valid
303031060,1786,5077,35.2,420,mid,mid,mid_mid,Valid
303031061,686,1877,36.5,430,high,high,high_high,Valid
303031062,812,2912,27.9,430,mid,high,mid_high,Valid
303031063,2346,5982,39.2,395,high,mid,high_mid,Valid
303031064,627,3346,18.7,600,low,high,low_high,Valid
303031065,1848,4086,45.2,415,high,mid,high_mid,Valid
303031066,966,3760,25.7,440,mid,high,mid_high,Valid
303041067,1022,2076,49.2,376,high,mid,high_mid,Valid
303041068,1835,4447,41.3,360,high,low,high_low,Valid
303041069,558,1608,34.7,400,mid,mid,mid_mid,Valid
303041070,780,2619,29.8,385,mid,mid,mid_mid,Valid
303041071,749,3701,20.2,450,low,high,low_high,Valid
303051072,941,3044,30.9,395,mid,mid,mid_mid,Valid
303051073,2158,7180,30.1,420,mid,mid,mid_mid,Valid
303051074,830,3079,27.0,450,mid,high,mid_high,Valid
303051075,1002,4801,20.9,450,low,high,low_high,Valid
303051076,1696,3469,48.9,335,high,low,high_low,Valid
303061077,636,2630,24.2,400,mid,mid,mid_mid,Valid
303061078,1789,4698,38.1,400,high,mid,high_mid,Valid
303061079,1150,2879,39.9,400,high,mid,high_mid,Valid
303061080,1749,5673,30.8,410,mid,mid,mid_mid,Valid
304011081,410,2646,15.5,480,low,high,low_high,Valid
304011082,492,2495,19.7,430,low,high,low_high,Valid
304011083,377,1508,25.0,410,mid,mid,mid_mid,Valid
304011084,565,3288,17.2,460,low,high,low_high,Valid
304011085,165,1475,11.2,550,low,high,low_high,Valid
304021086,511,3510,14.6,450,low,high,low_high,Valid
304021087,227,2206,10.3,520,low,high,low_high,Valid
304021088,503,3598,14.0,555,low,high,low_high,Valid
304021089,182,1349,13.5,590,low,high,low_high,Valid
304021090,562,3284,17.1,510,low,high,low_high,Valid
304021091,111,1716,6.5,523,low,high,low_high,Valid
304031092,487,2562,19.0,490,low,high,low_high,Valid
304031093,572,1968,29.1,385,mid,mid,mid_mid,Valid
304031094,2292,5106,44.9,440,high,high,high_high,Valid
304031095,947,2643,35.8,395,mid,mid,mid_mid,Valid
304031096,2112,3951,53.5,410,high,mid,high_mid,Valid
304031097,1885,3914,48.2,385,high,mid,high_mid,Valid
304041098,1792,3495,51.3,360,high,low,high_low,Valid
304041099,5,15,,450,,,,Insufficient renter data or unavailable median rent
304041100,952,2840,33.5,400,mid,mid,mid_mid,Valid
304041101,1241,3309,37.5,400,high,mid,high_mid,Valid
304041102,0,0,,,,,,Insufficient renter data or unavailable median rent
304041103,890,5819,15.3,490,low,high,low_high,Valid
304041104,943,3795,24.8,400,mid,mid,mid_mid,Valid
305011105,3958,5978,66.2,460,high,high,high_high,Valid
305011106,4084,5113,79.9,400,high,mid,high_mid,Valid
305011107,1269,2524,50.3,380,high,mid,high_mid,Valid
305011108,2965,4725,62.8,450,high,high,high_high,Valid
305011109,3158,5765,54.8,405,high,mid,high_mid,Valid
305011110,4214,5923,71.1,470,high,high,high_high,Valid
305011111,2039,2893,70.5,400,high,mid,high_mid,Valid
305011112,3855,6533,59.0,450,high,high,high_high,Valid
305021113,607,1716,35.4,450,mid,high,mid_high,Valid
305021114,1061,2892,36.7,500,high,high,high_high,Valid
305021115,1448,2550,56.8,400,high,mid,high_mid,Valid
305021116,702,1909,36.8,430,high,high,high_high,Valid
305021117,2531,5636,44.9,430,high,high,high_high,Valid
305021118,862,2529,34.1,450,mid,high,mid_high,Valid
305031119,1165,1950,59.7,410,high,mid,high_mid,Valid
305031120,1055,2610,40.4,395,high,mid,high_mid,Valid
305031121,1034,2406,43.0,390,high,mid,high_mid,Valid
305031122,2050,4694,43.7,350,high,low,high_low,Valid
305031123,406,1584,25.6,460,mid,high,mid_high,Valid
305031124,1565,3095,50.6,420,high,mid,high_mid,Valid
305031125,411,1776,23.1,550,mid,high,mid_high,Valid
305031126,2521,3943,63.9,400,high,mid,high_mid,Valid
305031127,872,1908,45.7,383,high,mid,high_mid,Valid
305031128,6546,9466,69.2,450,high,high,high_high,Valid
305031129,493,1452,34.0,400,mid,mid,mid_mid,Valid
305031130,1852,3330,55.6,400,high,mid,high_mid,Valid
305031131,2427,4574,53.1,380,high,mid,high_mid,Valid
305041132,1287,4741,27.1,440,mid,high,mid_high,Valid
305041133,1132,2383,47.5,390,high,mid,high_mid,Valid
305041134,750,3485,21.5,495,low,high,low_high,Valid
305041135,2555,5006,51.0,450,high,high,high_high,Valid
305041136,1095,2352,46.6,430,high,high,high_high,Valid
305041137,2927,5352,54.7,420,high,mid,high_mid,Valid
310011271,661,1622,40.8,360,high,low,high_low,Valid
310011272,1001,2902,34.5,350,mid,low,mid_low,Valid
310011274,3742,6222,60.1,300,high,low,high_low,Valid
310011275,909,3016,30.1,405,mid,mid,mid_mid,Valid
310011276,499,866,57.6,290,high,low,high_low,Valid
310011563,1115,2640,42.2,365,high,low,high_low,Valid
310011564,2434,7631,31.9,380,mid,mid,mid_mid,Valid
310021277,753,4591,16.4,295,low,low,low_low,Valid
310021278,384,2118,18.1,260,low,low,low_low,Valid
310021279,0,0,,,,,,Insufficient renter data or unavailable median rent
310021280,1509,7236,20.9,315,low,low,low_low,Valid
310021281,1096,4863,22.5,310,low,low,low_low,Valid
310021282,1163,4423,26.3,300,mid,low,mid_low,Valid
310031283,2123,4474,47.5,310,high,low,high_low,Valid
310031284,1439,3491,41.2,300,high,low,high_low,Valid
310031285,795,2377,33.4,300,mid,low,mid_low,Valid
310031286,1030,2491,41.3,280,high,low,high_low,Valid
310031287,2851,7149,39.9,290,high,low,high_low,Valid
310031288,246,1522,16.2,340,low,low,low_low,Valid
310031289,279,2152,13.0,400,low,mid,low_mid,Valid
310031290,207,2042,10.1,400,low,mid,low_mid,Valid
310031291,1655,3004,55.1,290,high,low,high_low,Valid
310031292,716,2509,28.5,285,mid,low,mid_low,Valid
310031293,2003,5403,37.1,315,high,low,high_low,Valid
310031294,1743,4309,40.5,380,high,mid,high_mid,Valid
310031295,491,979,50.2,270,high,low,high_low,Valid
310041297,757,3157,24.0,325,mid,low,mid_low,Valid
310041298,8,8,,150,,,,Insufficient renter data or unavailable median rent
310041299,1506,3740,40.3,340,high,low,high_low,Valid
310041300,1703,3432,49.6,310,high,low,high_low,Valid
310041301,0,0,,,,,,Insufficient renter data or unavailable median rent
310041302,4351,7382,58.9,350,high,low,high_low,Valid
310041303,774,2303,33.6,385,mid,mid,mid_mid,Valid
310041304,3162,7366,42.9,420,high,mid,high_mid,Valid
310041565,875,2739,31.9,415,mid,mid,mid_mid,Valid
310041566,1335,3005,44.4,340,high,low,high_low,Valid
311011305,1840,5373,34.2,310,mid,low,mid_low,Valid
311021306,1746,3216,54.3,300,high,low,high_low,Valid
311021307,2339,5050,46.3,320,high,low,high_low,Valid
311021308,1314,3199,41.1,380,high,mid,high_mid,Valid
311021309,476,2111,22.5,340,low,low,low_low,Valid
311021310,898,2967,30.3,415,mid,mid,mid_mid,Valid
311031311,2777,6428,43.2,360,high,low,high_low,Valid
311031312,1188,2547,46.6,350,high,low,high_low,Valid
311031313,1128,2723,41.4,380,high,mid,high_mid,Valid
311031314,1609,3537,45.5,350,high,low,high_low,Valid
311031315,0,0,,,,,,Insufficient renter data or unavailable median rent
311031316,901,2924,30.8,350,mid,low,mid_low,Valid
311031317,2399,4410,54.4,350,high,low,high_low,Valid
311031318,139,1355,10.3,458,low,high,low_high,Valid
311031319,1187,5023,23.6,390,mid,mid,mid_mid,Valid
311041322,283,2599,10.9,470,low,high,low_high,Valid
311041567,288,1802,16.0,410,low,mid,low_mid,Valid
311041568,336,2896,11.6,395,low,mid,low_mid,Valid
311041569,386,2318,16.7,430,low,high,low_high,Valid
311041570,600,5371,11.2,410,low,mid,low_mid,Valid
311041571,1907,3210,59.4,375,high,mid,high_mid,Valid
311051323,1605,4319,37.2,355,high,low,high_low,Valid
311051324,409,2966,13.8,425,low,mid,low_mid,Valid
311051325,1062,3847,27.6,390,mid,mid,mid_mid,Valid
311051326,2105,3714,56.7,350,high,low,high_low,Valid
311051327,804,4063,19.8,410,low,mid,low_mid,Valid
311051328,1062,2586,41.1,320,high,low,high_low,Valid
311061329,538,2371,22.7,400,low,mid,low_mid,Valid
311061330,1635,3115,52.5,315,high,low,high_low,Valid
311061331,1226,1938,63.3,280,high,low,high_low,Valid
311061332,1204,5332,22.6,395,low,mid,low_mid,Valid
311061333,1521,3451,44.1,310,high,low,high_low,Valid
311061334,1057,3579,29.5,380,mid,mid,mid_mid,Valid
311061335,595,2120,28.1,400,mid,mid,mid_mid,Valid
311061336,2559,4147,61.7,280,high,low,high_low,Valid
313011362,1413,6632,21.3,360,low,low,low_low,Valid
313011363,2221,9540,23.3,335,mid,low,mid_low,Valid
313021364,351,2013,17.4,430,low,high,low_high,Valid
313021366,3883,8175,47.5,340,high,low,high_low,Valid
313021367,121,1284,9.4,370,low,low,low_low,Valid
313021368,1631,3812,42.8,355,high,low,high_low,Valid
313021369,162,1289,12.6,350,low,low,low_low,Valid
313021572,2996,6080,49.3,315,high,low,high_low,Valid
313021573,1402,4248,33.0,300,mid,low,mid_low,Valid
313031370,432,2054,21.0,330,low,low,low_low,Valid
313031371,391,2639,14.8,350,low,low,low_low,Valid
313041372,1753,5672,30.9,350,mid,low,mid_low,Valid
313041373,3065,8368,36.6,330,high,low,high_low,Valid
313041374,471,1904,24.7,345,mid,low,mid_low,Valid
313041375,1541,6421,24.0,415,mid,mid,mid_mid,Valid
313041376,85,1021,8.3,420,low,mid,low_mid,Valid
313051377,1149,3357,34.2,345,mid,low,mid_low,Valid
313051378,2199,5334,41.2,325,high,low,high_low,Valid
313051379,2073,4782,43.4,334,high,low,high_low,Valid
313051380,2361,6457,36.6,360,high,low,high_low,Valid
313051574,37,79,46.8,213,,,,Insufficient renter data or unavailable median rent
313051575,1690,6184,27.3,405,mid,mid,mid_mid,Valid
314011382,885,5724,15.5,440,low,high,low_high,Valid
314011383,1477,6331,23.3,420,mid,mid,mid_mid,Valid
314011384,259,2920,8.9,400,low,mid,low_mid,Valid
314011385,255,2469,10.3,460,low,high,low_high,Valid
314011386,1635,8573,19.1,455,low,high,low_high,Valid
314011387,280,3994,7.0,495,low,high,low_high,Valid
314021389,3290,8028,41.0,380,high,mid,high_mid,Valid
314021576,1183,1907,62.0,360,high,low,high_low,Valid
314021577,3497,8030,43.5,350,high,low,high_low,Valid
314021578,2183,4718,46.3,400,high,mid,high_mid,Valid
314021579,2874,7614,37.7,420,high,mid,high_mid,Valid
314031391,992,3468,28.6,390,mid,mid,mid_mid,Valid
314031392,1062,2684,39.6,340,high,low,high_low,Valid
314031393,942,3130,30.1,360,mid,low,mid_low,Valid
314031394,1919,5152,37.2,360,high,low,high_low,Valid
401011001,5454,8395,65.0,400,high,mid,high_mid,Valid
401011002,1389,2900,47.9,390,high,mid,high_mid,Valid
401021003,218,2441,8.9,300,low,low,low_low,Valid
401021004,549,6515,8.4,410,low,mid,low_mid,Valid
401021005,238,1690,14.1,345,low,low,low_low,Valid
401021006,526,3404,15.5,320,low,low,low_low,Valid
401021007,2228,8293,26.9,350,mid,low,mid_low,Valid
401021008,244,2453,9.9,305,low,low,low_low,Valid
401021009,406,1938,20.9,350,low,low,low_low,Valid
401021010,291,2111,13.8,400,low,mid,low_mid,Valid
401031011,1514,7320,20.7,360,low,low,low_low,Valid
401031012,564,3618,15.6,420,low,mid,low_mid,Valid
401031013,1786,6759,26.4,339,mid,low,mid_low,Valid
401041014,455,3515,12.9,360,low,low,low_low,Valid
401041015,2651,8509,31.2,335,mid,low,mid_low,Valid
401041016,2645,9256,28.6,350,mid,low,mid_low,Valid
401051017,2264,4975,45.5,360,high,low,high_low,Valid
401051018,1831,5453,33.6,330,mid,low,mid_low,Valid
401051019,1775,5546,32.0,320,mid,low,mid_low,Valid
401061020,923,2596,35.6,320,mid,low,mid_low,Valid
401061021,2070,6028,34.3,350,mid,low,mid_low,Valid
401061022,898,3210,28.0,380,mid,mid,mid_mid,Valid
401071023,2293,7217,31.8,340,mid,low,mid_low,Valid
401071024,2520,8321,30.3,370,mid,low,mid_low,Valid
402011025,558,3389,16.5,310,low,low,low_low,Valid
402011026,2423,8628,28.1,285,mid,low,mid_low,Valid
402011027,190,2175,8.7,300,low,low,low_low,Valid
402021028,1775,6879,25.8,310,mid,low,mid_low,Valid
402021029,2818,6196,45.5,270,high,low,high_low,Valid
402021030,2347,4079,57.5,225,high,low,high_low,Valid
402021031,1720,5005,34.4,251,mid,low,mid_low,Valid
402021032,1787,5480,32.6,310,mid,low,mid_low,Valid
402021033,34,796,4.3,300,,,,Insufficient renter data or unavailable median rent
402021034,2299,4713,48.8,245,high,low,high_low,Valid
402021035,286,2042,14.0,300,low,low,low_low,Valid
402031036,4110,9299,44.2,300,high,low,high_low,Valid
402031038,3276,8699,37.7,310,high,low,high_low,Valid
402031175,2122,6452,32.9,360,mid,low,mid_low,Valid
402031176,1103,3877,28.4,320,mid,low,mid_low,Valid
402041039,0,0,,,,,,Insufficient renter data or unavailable median rent
402041040,1469,5845,25.1,310,mid,low,mid_low,Valid
402041041,1247,5550,22.5,310,low,low,low_low,Valid
402041042,0,0,,,,,,Insufficient renter data or unavailable median rent
402041043,1742,6062,28.7,300,mid,low,mid_low,Valid
402041044,1510,6007,25.1,300,mid,low,mid_low,Valid
402041046,2591,6789,38.2,270,high,low,high_low,Valid
402041047,1459,6850,21.3,295,low,low,low_low,Valid
402041048,2169,6183,35.1,280,mid,low,mid_low,Valid
402041171,1940,5044,38.5,360,high,low,high_low,Valid
402041172,918,3012,30.5,300,mid,low,mid_low,Valid
402051049,723,3925,18.4,320,low,low,low_low,Valid
402051050,697,3342,20.9,320,low,low,low_low,Valid
402051051,548,4017,13.6,375,low,mid,low_mid,Valid
402051052,1860,6915,26.9,315,mid,low,mid_low,Valid
402051053,1330,7317,18.2,330,low,low,low_low,Valid
402051054,743,6081,12.2,350,low,low,low_low,Valid
402051055,904,5173,17.5,330,low,low,low_low,Valid
403011056,1455,6142,23.7,350,mid,low,mid_low,Valid
403011057,3139,9249,33.9,330,mid,low,mid_low,Valid
403021058,2407,6181,38.9,310,high,low,high_low,Valid
403021059,673,4729,14.2,380,low,mid,low_mid,Valid
403021060,552,3669,15.0,375,low,mid,low_mid,Valid
403021061,2734,6826,40.1,310,high,low,high_low,Valid
403021062,2305,6842,33.7,320,mid,low,mid_low,Valid
403021063,443,3583,12.4,365,low,low,low_low,Valid
403021064,2460,6835,36.0,345,mid,low,mid_low,Valid
403031065,141,1768,8.0,369,low,low,low_low,Valid
403031066,514,2623,19.6,330,low,low,low_low,Valid
403031067,486,4782,10.2,370,low,low,low_low,Valid
403031068,1326,5901,22.5,320,low,low,low_low,Valid
403031069,1152,6169,18.7,346,low,low,low_low,Valid
403031070,812,3381,24.0,310,mid,low,mid_low,Valid
403041071,605,4358,13.9,340,low,low,low_low,Valid
403041072,1537,6107,25.2,320,mid,low,mid_low,Valid
403041073,1574,3828,41.1,250,high,low,high_low,Valid
403041074,1702,4675,36.4,320,high,low,high_low,Valid
403041075,66,946,7.0,290,low,low,low_low,Valid
403041076,115,1543,7.5,420,low,mid,low_mid,Valid
403041077,451,3842,11.7,375,low,mid,low_mid,Valid
403041078,463,2595,17.8,300,low,low,low_low,Valid
403041079,1121,3066,36.6,262,high,low,high_low,Valid
403041080,647,5409,12.0,355,low,low,low_low,Valid
403041081,0,0,,,,,,Insufficient renter data or unavailable median rent
403041082,10,10,,190,,,,Insufficient renter data or unavailable median rent
403041083,431,2781,15.5,350,low,low,low_low,Valid
403041084,1484,5632,26.3,300,mid,low,mid_low,Valid
403041085,1323,4199,31.5,295,mid,low,mid_low,Valid
403041086,775,4179,18.5,325,low,low,low_low,Valid
403041088,169,1325,12.8,320,low,low,low_low,Valid
403041089,653,4339,15.0,350,low,low,low_low,Valid
403041177,1562,5401,28.9,350,mid,low,mid_low,Valid
403041178,904,4024,22.5,320,low,low,low_low,Valid
404011090,1123,3469,32.4,330,mid,low,mid_low,Valid
404011091,1924,6385,30.1,340,mid,low,mid_low,Valid
404011092,1651,6191,26.7,350,mid,low,mid_low,Valid
404011093,3354,7934,42.3,340,high,low,high_low,Valid
404011094,829,2660,31.2,314,mid,low,mid_low,Valid
404011095,2263,7185,31.5,320,mid,low,mid_low,Valid
404011096,1429,6336,22.6,320,low,low,low_low,Valid
404011097,2658,7344,36.2,310,high,low,high_low,Valid
404021098,0,0,,,,,,Insufficient renter data or unavailable median rent
404021099,1879,6356,29.6,320,mid,low,mid_low,Valid
404021100,1673,6077,27.5,300,mid,low,mid_low,Valid
404021101,1717,4863,35.3,275,mid,low,mid_low,Valid
404021102,3103,6985,44.4,270,high,low,high_low,Valid
404021103,0,5,,,,,,Insufficient renter data or unavailable median rent
404031104,0,0,,,,,,Insufficient renter data or unavailable median rent
404031105,244,1091,22.4,315,low,low,low_low,Valid
404031106,1710,5428,31.5,300,mid,low,mid_low,Valid
404031107,4203,10867,38.7,300,high,low,high_low,Valid
404031108,2974,7006,42.4,325,high,low,high_low,Valid
404031109,566,2102,26.9,320,mid,low,mid_low,Valid
502011021,458,3124,14.7,350,low,low,low_low,Valid
502011022,848,3862,22.0,320,low,low,low_low,Valid
502011023,963,4006,24.0,295,mid,low,mid_low,Valid
502011024,1585,7848,20.2,350,low,low,low_low,Valid
502011025,2327,4635,50.2,270,high,low,high_low,Valid
502011026,514,2550,20.2,320,low,low,low_low,Valid
502011027,1554,7287,21.3,350,low,low,low_low,Valid
502011028,1398,4613,30.3,280,mid,low,mid_low,Valid
502011029,707,3666,19.3,300,low,low,low_low,Valid
503011030,247,2296,10.8,750,low,high,low_high,Valid
503011031,1264,3810,33.2,460,mid,high,mid_high,Valid
503011032,800,2917,27.4,550,mid,high,mid_high,Valid
503011033,355,2854,12.4,600,low,high,low_high,Valid
503011034,1316,4052,32.5,310,mid,low,mid_low,Valid
503011035,1929,6286,30.7,450,mid,high,mid_high,Valid
503011036,679,3292,20.6,450,low,high,low_high,Valid
503021037,5,10,,1000,,,,Insufficient renter data or unavailable median rent
503021038,1475,4576,32.2,425,mid,mid,mid_mid,Valid
503021039,2555,7061,36.2,340,high,low,high_low,Valid
503021040,1294,3907,33.1,400,mid,mid,mid_mid,Valid
503021042,3102,7665,40.5,405,high,mid,high_mid,Valid
503021043,3265,7786,41.9,300,high,low,high_low,Valid
503021295,3516,5677,61.9,410,high,mid,high_mid,Valid
503021296,3197,5356,59.7,380,high,mid,high_mid,Valid
503021297,3859,5507,70.1,410,high,mid,high_mid,Valid
504011044,1738,6304,27.6,330,mid,low,mid_low,Valid
504011045,2748,9562,28.7,350,mid,low,mid_low,Valid
504011046,3169,6366,49.8,300,high,low,high_low,Valid
504011047,2464,8675,28.4,360,mid,low,mid_low,Valid
504011048,497,2961,16.8,350,low,low,low_low,Valid
504021049,99,987,10.0,367,low,low,low_low,Valid
504021050,164,2540,6.5,400,low,mid,low_mid,Valid
504021051,330,2131,15.5,315,low,low,low_low,Valid
504021052,5,5,,,,,,Insufficient renter data or unavailable median rent
504021053,436,4670,9.3,380,low,mid,low_mid,Valid
504021054,1028,4918,20.9,300,low,low,low_low,Valid
504031055,0,0,,295,,,,Insufficient renter data or unavailable median rent
504031056,1122,6143,18.3,350,low,low,low_low,Valid
504031057,1516,6884,22.0,350,low,low,low_low,Valid
504031058,295,1843,16.0,350,low,low,low_low,Valid
504031060,64,918,7.0,350,low,low,low_low,Valid
504031061,340,2042,16.7,390,low,mid,low_mid,Valid
504031062,943,4378,21.5,325,low,low,low_low,Valid
504031063,9,13,,775,,,,Insufficient renter data or unavailable median rent
504031064,0,0,,,,,,Insufficient renter data or unavailable median rent
504031065,530,2123,25.0,320,mid,low,mid_low,Valid
504031066,2313,4679,49.4,300,high,low,high_low,Valid
504031067,491,2488,19.7,330,low,low,low_low,Valid
504031068,581,4038,14.4,370,low,low,low_low,Valid
504031069,0,0,,,,,,Insufficient renter data or unavailable median rent
504031298,1039,5236,19.8,380,low,mid,low_mid,Valid
504031299,456,3613,12.6,370,low,low,low_low,Valid
504031300,1533,6155,24.9,350,mid,low,mid_low,Valid
505011070,950,4149,22.9,370,low,low,low_low,Valid
505011071,920,4744,19.4,400,low,mid,low_mid,Valid
505011072,666,5518,12.1,460,low,high,low_high,Valid
505011073,799,5139,15.5,400,low,mid,low_mid,Valid
505011074,812,3963,20.5,380,low,mid,low_mid,Valid
505011075,539,3932,13.7,490,low,high,low_high,Valid
505011076,251,3096,8.1,650,low,high,low_high,Valid
505011077,1747,5285,33.1,360,mid,low,mid_low,Valid
505011078,575,4809,12.0,418,low,mid,low_mid,Valid
505011079,570,4083,14.0,450,low,high,low_high,Valid
505011080,329,2683,12.3,525,low,high,low_high,Valid
505011081,533,3209,16.6,390,low,mid,low_mid,Valid
505011082,391,3532,11.1,480,low,high,low_high,Valid
505011083,328,3367,9.7,480,low,high,low_high,Valid
505021084,1765,6533,27.0,350,mid,low,mid_low,Valid
505021085,3217,7350,43.8,305,high,low,high_low,Valid
505021087,0,0,,,,,,Insufficient renter data or unavailable median rent
505021088,2745,7700,35.6,400,mid,mid,mid_mid,Valid
505021089,1048,7707,13.6,460,low,high,low_high,Valid
505021090,3744,8104,46.2,340,high,low,high_low,Valid
505021091,106,116,91.4,400,high,mid,high_mid,Valid
505021092,3043,7604,40.0,405,high,mid,high_mid,Valid
505021093,1721,5711,30.1,310,mid,low,mid_low,Valid
505021094,664,3050,21.8,400,low,mid,low_mid,Valid
505021095,2724,5992,45.5,320,high,low,high_low,Valid
505021096,1029,5367,19.2,420,low,mid,low_mid,Valid
505021097,2427,7111,34.1,325,mid,low,mid_low,Valid
505021301,792,4246,18.7,320,low,low,low_low,Valid
505021302,1643,5532,29.7,340,mid,low,mid_low,Valid
505031098,887,3909,22.7,300,low,low,low_low,Valid
505031099,2521,8230,30.6,340,mid,low,mid_low,Valid
505031100,1198,6027,19.9,380,low,mid,low_mid,Valid
505031101,1557,5022,31.0,350,mid,low,mid_low,Valid
505031102,1124,3220,34.9,293,mid,low,mid_low,Valid
505031104,691,3511,19.7,350,low,low,low_low,Valid
505031105,1334,7000,19.1,400,low,mid,low_mid,Valid
505031106,4,4,,481,,,,Insufficient renter data or unavailable median rent
505031107,818,4544,18.0,410,low,mid,low_mid,Valid
505031255,1272,4752,26.8,350,mid,low,mid_low,Valid
505031256,61,223,27.4,300,mid,low,mid_low,Valid
505031257,227,1338,17.0,330,low,low,low_low,Valid
505031258,826,3717,22.2,340,low,low,low_low,Valid
505031303,813,4541,17.9,400,low,mid,low_mid,Valid
505031304,527,4619,11.4,450,low,high,low_high,Valid
505031305,715,4515,15.8,450,low,high,low_high,Valid
505031306,1155,5371,21.5,350,low,low,low_low,Valid
506011110,2806,8553,32.8,280,mid,low,mid_low,Valid
506011111,0,0,,927,,,,Insufficient renter data or unavailable median rent
506011112,532,2101,25.3,295,mid,low,mid_low,Valid
506011114,1111,4052,27.4,290,mid,low,mid_low,Valid
506011115,251,2967,8.5,330,low,low,low_low,Valid
506011116,179,2585,6.9,350,low,low,low_low,Valid
506011117,830,3555,23.3,330,mid,low,mid_low,Valid
506011307,724,3579,20.2,420,low,mid,low_mid,Valid
506011308,810,4923,16.5,420,low,mid,low_mid,Valid
506021118,2427,5904,41.1,350,high,low,high_low,Valid
506021119,2943,6971,42.2,350,high,low,high_low,Valid
506021120,6,6,,,,,,Insufficient renter data or unavailable median rent
506021121,0,0,,,,,,Insufficient renter data or unavailable median rent
506021123,3392,6950,48.8,350,high,low,high_low,Valid
506021309,1483,3333,44.5,340,high,low,high_low,Valid
506021310,1061,2851,37.2,350,high,low,high_low,Valid
506021311,2614,4864,53.7,350,high,low,high_low,Valid
506031124,3712,7630,48.7,330,high,low,high_low,Valid
506031125,436,3193,13.7,450,low,high,low_high,Valid
506031126,5,5,,208,,,,Insufficient renter data or unavailable median rent
506031127,3344,7143,46.8,350,high,low,high_low,Valid
506031128,1241,5406,23.0,340,low,low,low_low,Valid
506031129,1134,4991,22.7,400,low,mid,low_mid,Valid
506031130,9,16,,265,,,,Insufficient renter data or unavailable median rent
506031131,1217,6127,19.9,400,low,mid,low_mid,Valid
506041132,2363,7018,33.7,320,mid,low,mid_low,Valid
506041133,1437,7191,20.0,420,low,mid,low_mid,Valid
506041134,2493,7798,32.0,290,mid,low,mid_low,Valid
506041135,1238,6796,18.2,380,low,mid,low_mid,Valid
506041136,1368,5159,26.5,300,mid,low,mid_low,Valid
506041137,1789,8324,21.5,330,low,low,low_low,Valid
506051138,1431,6957,20.6,360,low,low,low_low,Valid
506051139,1009,4533,22.3,380,low,mid,low_mid,Valid
506051140,725,5724,12.7,375,low,mid,low_mid,Valid
506051141,424,3901,10.9,350,low,low,low_low,Valid
506061142,962,6462,14.9,380,low,mid,low_mid,Valid
506061143,206,2261,9.1,375,low,mid,low_mid,Valid
506061144,142,1451,9.8,325,low,low,low_low,Valid
506071145,2654,6496,40.9,352,high,low,high_low,Valid
506071146,1008,3947,25.5,341,mid,low,mid_low,Valid
506071147,2860,7291,39.2,375,high,mid,high_mid,Valid
507011148,1480,7074,20.9,420,low,mid,low_mid,Valid
507011150,0,3,,940,,,,Insufficient renter data or unavailable median rent
507011151,0,0,,,,,,Insufficient renter data or unavailable median rent
507011152,499,3545,14.1,400,low,mid,low_mid,Valid
507011153,1087,3465,31.4,310,mid,low,mid_low,Valid
507011154,1750,4769,36.7,320,high,low,high_low,Valid
507011155,3,3,,,,,,Insufficient renter data or unavailable median rent
507011158,387,1492,25.9,460,mid,high,mid_high,Valid
507011159,1284,4564,28.1,360,mid,low,mid_low,Valid
507011160,1314,4560,28.8,350,mid,low,mid_low,Valid
507011161,1649,5974,27.6,400,mid,mid,mid_mid,Valid
507011163,570,2778,20.5,350,low,low,low_low,Valid
507011259,843,3493,24.1,385,mid,mid,mid_mid,Valid
507011260,115,850,13.5,443,low,high,low_high,Valid
507021164,663,2919,22.7,420,low,mid,low_mid,Valid
507021165,2769,7216,38.4,385,high,mid,high_mid,Valid
507021166,1614,6118,26.4,350,mid,low,mid_low,Valid
507021167,3,6,,381,,,,Insufficient renter data or unavailable median rent
507031169,1641,5740,28.6,350,mid,low,mid_low,Valid
507031170,916,2830,32.4,275,mid,low,mid_low,Valid
507031172,7,13,,350,,,,Insufficient renter data or unavailable median rent
507031173,8,11,,300,,,,Insufficient renter data or unavailable median rent
507031174,1329,4243,31.3,270,mid,low,mid_low,Valid
507031261,467,2652,17.6,400,low,mid,low_mid,Valid
507041175,1111,4426,25.1,475,mid,high,mid_high,Valid
507041176,267,1271,21.0,420,low,mid,low_mid,Valid
507041177,1505,6116,24.6,350,mid,low,mid_low,Valid
507041178,1427,5908,24.2,420,mid,mid,mid_mid,Valid
507041179,514,2846,18.1,420,low,mid,low_mid,Valid
507041180,453,3814,11.9,440,low,high,low_high,Valid
507041181,1095,6398,17.1,420,low,mid,low_mid,Valid
507041182,908,4493,20.2,400,low,mid,low_mid,Valid
507041183,753,2110,35.7,283,mid,low,mid_low,Valid
507041184,211,1953,10.8,545,low,high,low_high,Valid
507051186,837,3244,25.8,300,mid,low,mid_low,Valid
507051187,1009,4429,22.8,350,low,low,low_low,Valid
507051188,2645,7091,37.3,300,high,low,high_low,Valid
507051189,0,0,,,,,,Insufficient renter data or unavailable median rent
507051190,1226,4880,25.1,300,mid,low,mid_low,Valid
507051191,1491,7114,21.0,365,low,low,low_low,Valid
507051192,1048,4510,23.2,320,mid,low,mid_low,Valid
507051193,1042,3894,26.8,320,mid,low,mid_low,Valid
507051312,932,3939,23.7,350,mid,low,mid_low,Valid
507051313,1834,8385,21.9,370,low,low,low_low,Valid
507051314,134,666,20.1,370,low,low,low_low,Valid
601011001,1629,2856,57.0,250,high,low,high_low,Valid
601011002,442,2347,18.8,350,low,low,low_low,Valid
601011003,207,1837,11.3,400,low,mid,low_mid,Valid
601021004,786,2784,28.2,360,mid,low,mid_low,Valid
601021005,247,3032,8.1,400,low,mid,low_mid,Valid
601021006,250,1399,17.9,380,low,mid,low_mid,Valid
601021007,800,4600,17.4,420,low,mid,low_mid,Valid
601021008,697,3087,22.6,400,low,mid,low_mid,Valid
601021009,838,1976,42.4,310,high,low,high_low,Valid
601021010,357,1136,31.4,320,mid,low,mid_low,Valid
601021011,1207,2977,40.5,325,high,low,high_low,Valid
601021012,159,1688,9.4,370,low,low,low_low,Valid
601031013,238,1570,15.2,350,low,low,low_low,Valid
601031014,686,2219,30.9,310,mid,low,mid_low,Valid
601031015,1199,3363,35.7,320,mid,low,mid_low,Valid
601031016,732,1793,40.8,325,high,low,high_low,Valid
601031017,2169,4880,44.4,320,high,low,high_low,Valid
601031018,582,2005,29.0,350,mid,low,mid_low,Valid
601031019,911,2276,40.0,330,high,low,high_low,Valid
601031020,775,2790,27.8,290,mid,low,mid_low,Valid
601031021,687,1664,41.3,340,high,low,high_low,Valid
601041022,1462,5164,28.3,380,mid,mid,mid_mid,Valid
601041023,874,4246,20.6,400,low,mid,low_mid,Valid
601041024,441,2945,15.0,370,low,low,low_low,Valid
601041025,0,0,,,,,,Insufficient renter data or unavailable median rent
601041026,195,1364,14.3,425,low,mid,low_mid,Valid
601051027,2018,3634,55.5,415,high,mid,high_mid,Valid
601051028,941,3564,26.4,370,mid,low,mid_low,Valid
601051029,515,1826,28.2,360,mid,low,mid_low,Valid
601051030,1067,2613,40.8,340,high,low,high_low,Valid
601051031,1636,4777,34.2,419,mid,mid,mid_mid,Valid
601051032,757,2632,28.8,380,mid,mid,mid_mid,Valid
601051033,913,2616,34.9,400,mid,mid,mid_mid,Valid
601061034,475,3309,14.4,330,low,low,low_low,Valid
601061035,855,3877,22.1,355,low,low,low_low,Valid
701011001,0,0,,,,,,Insufficient renter data or unavailable median rent
701011002,2443,3194,76.5,450,high,high,high_high,Valid
701011003,0,0,,,,,,Insufficient renter data or unavailable median rent
701011004,768,1450,53.0,390,high,mid,high_mid,Valid
701011005,961,1456,66.0,395,high,mid,high_mid,Valid
701011006,478,905,52.8,260,high,low,high_low,Valid
701011007,725,1162,62.4,415,high,mid,high_mid,Valid
701011008,933,1627,57.3,400,high,mid,high_mid,Valid
701011009,636,1261,50.4,490,high,high,high_high,Valid
701021010,250,669,37.4,340,high,low,high_low,Valid
701021011,209,755,27.7,400,mid,mid,mid_mid,Valid
701021012,184,513,35.9,370,mid,low,mid_low,Valid
701021013,389,980,39.7,393,high,mid,high_mid,Valid
701021014,0,0,,,,,,Insufficient renter data or unavailable median rent
701021015,0,0,,,,,,Insufficient renter data or unavailable median rent
701021016,750,1215,61.7,300,high,low,high_low,Valid
701021017,11,11,,635,,,,Insufficient renter data or unavailable median rent
701021018,150,591,25.4,400,mid,mid,mid_mid,Valid
701021019,592,1542,38.4,293,high,low,high_low,Valid
701021020,519,1585,32.7,400,mid,mid,mid_mid,Valid
701021021,878,1845,47.6,280,high,low,high_low,Valid
701021022,630,1656,38.0,350,high,low,high_low,Valid
701021023,465,967,48.1,340,high,low,high_low,Valid
701021024,221,644,34.3,310,mid,low,mid_low,Valid
701021025,856,1549,55.3,350,high,low,high_low,Valid
701021026,740,1314,56.3,350,high,low,high_low,Valid
701021027,294,803,36.6,375,high,mid,high_mid,Valid
701021028,260,633,41.1,340,high,low,high_low,Valid
701021029,177,558,31.7,410,mid,mid,mid_mid,Valid
701021030,215,758,28.4,425,mid,mid,mid_mid,Valid
701031031,342,1543,22.2,350,low,low,low_low,Valid
701031032,388,2630,14.8,400,low,mid,low_mid,Valid
701031033,4,19,,130,,,,Insufficient renter data or unavailable median rent
701031034,322,1175,27.4,370,mid,low,mid_low,Valid
701031035,264,1497,17.6,323,low,low,low_low,Valid
701041036,525,1125,46.7,380,high,mid,high_mid,Valid
701041037,444,934,47.5,350,high,low,high_low,Valid
701041038,612,1507,40.6,500,high,high,high_high,Valid
701041039,580,1109,52.3,300,high,low,high_low,Valid
701041040,425,942,45.1,295,high,low,high_low,Valid
701041041,634,1436,44.2,460,high,high,high_high,Valid
701041042,803,2059,39.0,450,high,high,high_high,Valid
701041043,1129,2051,55.0,400,high,mid,high_mid,Valid
701041044,460,1086,42.4,360,high,low,high_low,Valid
