hex_lon,hex_lat,state,state_name,label_lon,label_lat,owner_dwellings,known_tenure_dwellings,sa2_count,ownership_pct,state_ownership_pct,difference_pp
149.395031,-35.503739,ACT,Australian Capital Territory,148.9,-35.2,113097,168276,107,67.209,67.209,0.0
149.685842,-37.202985,NSW,New South Wales,147.1,-33.0,7833,10089,3,77.639,64.84,12.799
148.696079,-36.876923,NSW,New South Wales,147.1,-33.0,7710,10648,3,72.408,64.84,7.568
150.526577,-36.672544,NSW,New South Wales,147.1,-33.0,2089,2657,2,78.623,64.84,13.782
147.71263,-36.545096,NSW,New South Wales,147.1,-33.0,2842,4326,2,65.696,64.84,0.856
143.073115,-36.507135,NSW,New South Wales,147.1,-33.0,2012,2643,1,76.126,64.84,11.286
149.539238,-36.352292,NSW,New South Wales,147.1,-33.0,17062,23599,7,72.3,64.84,7.46
148.558068,-36.026248,NSW,New South Wales,147.1,-33.0,2169,2793,1,77.658,64.84,12.818
150.373835,-35.824088,NSW,New South Wales,147.1,-33.0,10238,13915,5,73.575,64.84,8.735
147.583122,-35.694476,NSW,New South Wales,147.1,-33.0,3526,4310,1,81.81,64.84,16.97
144.800707,-35.515659,NSW,New South Wales,147.1,-33.0,3949,5400,2,73.13,64.84,8.29
146.614455,-35.357034,NSW,New South Wales,147.1,-33.0,15299,23995,5,63.759,64.84,-1.081
148.422308,-35.177634,NSW,New South Wales,147.1,-33.0,4131,5765,3,71.657,64.84,6.817
145.652115,-35.013983,NSW,New South Wales,147.1,-33.0,2864,3751,1,76.353,64.84,11.513
150.223574,-34.977596,NSW,New South Wales,147.1,-33.0,32608,44484,12,73.303,64.84,8.463
147.455722,-34.845834,NSW,New South Wales,147.1,-33.0,19435,29364,6,66.186,64.84,1.346
149.25316,-34.657075,NSW,New South Wales,147.1,-33.0,15794,21286,4,74.199,64.84,9.359
146.495324,-34.508394,NSW,New South Wales,147.1,-33.0,4066,5818,2,69.887,64.84,5.047
151.043756,-34.447847,NSW,New South Wales,147.1,-33.0,154856,222366,43,69.64,64.84,4.8
148.288744,-34.330833,NSW,New South Wales,147.1,-33.0,7442,10285,3,72.358,64.84,7.518
145.541163,-34.165374,NSW,New South Wales,147.1,-33.0,7224,11378,2,63.491,64.84,-1.349
150.075735,-34.132826,NSW,New South Wales,147.1,-33.0,27559,36216,9,76.096,64.84,11.256
147.330377,-33.998926,NSW,New South Wales,147.1,-33.0,3560,4817,2,73.905,64.84,9.065
142.803511,-33.951751,NSW,New South Wales,147.1,-33.0,1691,2234,1,75.694,64.84,10.854
144.593283,-33.816827,NSW,New South Wales,147.1,-33.0,759,1137,1,66.755,64.84,1.915
149.113572,-33.812062,NSW,New South Wales,147.1,-33.0,6372,8710,3,73.157,64.84,8.317
150.890086,-33.604912,NSW,New South Wales,147.1,-33.0,971106,1605145,315,60.5,64.84,-4.34
148.157323,-33.485608,NSW,New South Wales,147.1,-33.0,6561,9453,3,69.407,64.84,4.567
149.930259,-33.289545,NSW,New South Wales,147.1,-33.0,19114,27155,7,70.389,64.84,5.548
147.20704,-33.153518,NSW,New South Wales,147.1,-33.0,1573,2319,1,67.831,64.84,2.991
142.71653,-33.103374,NSW,New South Wales,147.1,-33.0,807,1186,1,68.044,64.84,3.204
151.696273,-33.073355,NSW,New South Wales,147.1,-33.0,214751,308462,65,69.62,64.84,4.78
148.976211,-32.968467,NSW,New South Wales,147.1,-33.0,15506,22739,4,68.191,64.84,3.351
150.738859,-32.763308,NSW,New South Wales,147.1,-33.0,6574,9231,3,71.217,64.84,6.377
148.027995,-32.64173,NSW,New South Wales,147.1,-33.0,872,1202,1,72.546,64.84,7.706
152.494353,-32.538177,NSW,New South Wales,147.1,-33.0,19066,26232,6,72.682,64.84,7.842
149.787091,-32.447529,NSW,New South Wales,147.1,-33.0,7355,10167,3,72.342,64.84,7.502
151.539427,-32.233372,NSW,New South Wales,147.1,-33.0,4651,5823,2,79.873,64.84,15.033
148.841025,-32.126071,NSW,New South Wales,147.1,-33.0,10565,16446,4,64.241,64.84,-0.599
150.590017,-31.922818,NSW,New South Wales,147.1,-33.0,6559,10140,3,64.684,64.84,-0.156
141.709806,-31.891547,NSW,New South Wales,147.1,-33.0,5374,7395,1,72.671,64.84,7.831
147.900711,-31.798982,NSW,New South Wales,147.1,-33.0,1617,2244,1,72.059,64.84,7.219
152.332022,-31.699757,NSW,New South Wales,147.1,-33.0,26083,34519,7,75.561,64.84,10.721
145.21883,-31.628077,NSW,New South Wales,147.1,-33.0,924,1506,1,61.355,64.84,-3.485
149.646177,-31.606564,NSW,New South Wales,147.1,-33.0,2130,2889,1,73.728,64.84,8.888
146.966198,-31.466312,NSW,New South Wales,147.1,-33.0,1176,1764,1,66.667,64.84,1.827
151.385041,-31.394354,NSW,New South Wales,147.1,-33.0,877,1229,1,71.359,64.84,6.519
148.707962,-31.28466,NSW,New South Wales,147.1,-33.0,1101,1593,1,69.115,64.84,4.275
153.1167,-31.162482,NSW,New South Wales,147.1,-33.0,18815,28340,5,66.39,64.84,1.55
150.443504,-31.083233,NSW,New South Wales,147.1,-33.0,20817,31365,7,66.37,64.84,1.53
147.775422,-30.957152,NSW,New South Wales,147.1,-33.0,850,1349,1,63.01,64.84,-1.83
143.376051,-30.924934,NSW,New South Wales,147.1,-33.0,481,889,1,54.106,64.84,-10.734
152.17222,-30.862156,NSW,New South Wales,147.1,-33.0,2982,3727,1,80.011,64.84,15.171
149.507464,-30.766443,NSW,New South Wales,147.1,-33.0,1026,1555,1,65.981,64.84,1.141
151.233057,-30.556098,NSW,New South Wales,147.1,-33.0,7016,11066,2,63.401,64.84,-1.439
152.951611,-30.326242,NSW,New South Wales,147.1,-33.0,30701,43835,12,70.038,64.84,5.198
145.92755,-30.285514,NSW,New South Wales,147.1,-33.0,589,1183,1,49.789,64.84,-15.051
150.299267,-30.244352,NSW,New South Wales,147.1,-33.0,1711,2640,1,64.811,64.84,-0.029
152.014891,-30.025176,NSW,New South Wales,147.1,-33.0,3736,5228,2,71.461,64.84,6.621
151.08342,-29.718407,NSW,New South Wales,147.1,-33.0,4351,6386,2,68.133,64.84,3.293
148.448013,-29.603979,NSW,New South Wales,147.1,-33.0,1119,1920,1,58.281,64.84,-6.559
152.78906,-29.490482,NSW,New South Wales,147.1,-33.0,15584,21125,3,73.77,64.84,8.93
150.157253,-29.405979,NSW,New South Wales,147.1,-33.0,4149,6478,3,64.048,64.84,-0.792
151.859977,-29.188623,NSW,New South Wales,147.1,-33.0,2212,2891,1,76.513,64.84,11.673
153.555621,-28.952032,NSW,New South Wales,147.1,-33.0,35050,50830,11,68.955,64.84,4.115
152.62899,-28.655016,NSW,New South Wales,147.1,-33.0,7582,10250,3,73.971,64.84,9.131
154.144605,-27.57638,NSW,New South Wales,147.1,-33.0,27547,37923,8,72.639,64.84,7.799
133.656213,-24.990494,NT,Northern Territory,132.1,-19.5,259,1014,1,25.542,47.998,-22.456
133.643912,-24.143402,NT,Northern Territory,132.1,-19.5,1475,2848,2,51.791,47.998,3.793
133.631792,-23.295634,NT,Northern Territory,132.1,-19.5,3592,6661,4,53.926,47.998,5.928
135.263051,-23.267494,NT,Northern Territory,132.1,-19.5,180,907,1,19.846,47.998,-28.152
132.807004,-22.02931,NT,Northern Territory,132.1,-19.5,49,447,1,10.962,47.998,-37.036
131.198839,-21.179066,NT,Northern Territory,132.1,-19.5,66,694,1,9.51,47.998,-38.488
134.368937,-19.456342,NT,Northern Territory,132.1,-19.5,300,1071,1,28.011,47.998,-19.987
135.147076,-19.013384,NT,Northern Territory,132.1,-19.5,290,784,1,36.99,47.998,-11.008
130.459093,-16.468963,NT,Northern Territory,132.1,-19.5,115,574,1,20.035,47.998,-27.963
135.811503,-15.129166,NT,Northern Territory,132.1,-19.5,294,1005,1,29.254,47.998,-18.744
132.0,-14.752779,NT,Northern Territory,132.1,-19.5,1499,3348,1,44.773,47.998,-3.225
133.519745,-14.743869,NT,Northern Territory,132.1,-19.5,568,1126,1,50.444,47.998,2.446
131.242701,-14.317753,NT,Northern Territory,132.1,-19.5,233,587,1,39.693,47.998,-8.305
129.728315,-14.299969,NT,Northern Territory,132.1,-19.5,18,370,1,4.865,47.998,-43.133
136.52646,-13.80666,NT,Northern Territory,132.1,-19.5,11,606,1,1.815,47.998,-46.183
131.252926,-12.579881,NT,Northern Territory,132.1,-19.5,23508,41990,32,55.985,47.998,7.987
135.73435,-12.526919,NT,Northern Territory,132.1,-19.5,79,1145,1,6.9,47.998,-41.099
130.510929,-12.137029,NT,Northern Territory,132.1,-19.5,4163,9162,7,45.438,47.998,-2.56
133.489071,-12.137029,NT,Northern Territory,132.1,-19.5,23,880,1,2.614,47.998,-45.384
136.465597,-12.066533,NT,Northern Territory,132.1,-19.5,55,867,1,6.344,47.998,-41.654
130.52088,-11.262283,NT,Northern Territory,132.1,-19.5,38,615,1,6.179,47.998,-41.819
150.017412,-28.567923,QLD,Queensland,145.0,-22.6,2413,3842,2,62.806,64.354,-1.549
151.707424,-28.352312,QLD,Queensland,145.0,-22.6,8736,12409,4,70.401,64.354,6.046
153.390514,-28.117598,QLD,Queensland,145.0,-22.6,168122,258419,61,65.058,64.354,0.704
150.790975,-28.04396,QLD,Queensland,145.0,-22.6,792,1192,1,66.443,64.354,2.089
148.195986,-27.924856,QLD,Queensland,145.0,-22.6,997,1743,1,57.2,64.354,-7.154
152.471346,-27.81966,QLD,Queensland,145.0,-22.6,72739,111532,31,65.218,64.354,0.864
149.879695,-27.73,QLD,Queensland,145.0,-22.6,997,1425,1,69.965,64.354,5.611
151.557178,-27.516061,QLD,Queensland,145.0,-22.6,38700,59852,16,64.659,64.354,0.305
153.227895,-27.283145,QLD,Queensland,145.0,-22.6,481732,774227,201,62.221,64.354,-2.133
143.826538,-27.064055,QLD,Queensland,145.0,-22.6,803,1352,1,59.393,64.354,-4.961
152.316072,-26.984237,QLD,Queensland,145.0,-22.6,8087,10257,4,78.844,64.354,14.489
149.744054,-26.89203,QLD,Queensland,145.0,-22.6,847,1591,1,53.237,64.354,-11.117
151.409189,-26.679691,QLD,Queensland,145.0,-22.6,10713,15679,4,68.327,64.354,3.973
148.845193,-26.571675,QLD,Queensland,145.0,-22.6,2888,4847,2,59.583,64.354,-4.771
153.067708,-26.448499,QLD,Queensland,145.0,-22.6,110030,157694,35,69.774,64.354,5.42
146.287187,-26.418854,QLD,Queensland,145.0,-22.6,1080,1674,1,64.516,64.354,0.162
150.507296,-26.369546,QLD,Queensland,145.0,-22.6,1734,3047,1,56.908,64.354,-7.446
152.163117,-26.148571,QLD,Queensland,145.0,-22.6,7439,8783,2,84.698,64.354,20.343
151.263405,-25.84303,QLD,Queensland,145.0,-22.6,4102,6057,2,67.723,64.354,3.369
152.909898,-25.613488,QLD,Queensland,145.0,-22.6,34905,47912,12,72.852,64.354,8.498
152.012429,-25.312494,QLD,Queensland,145.0,-22.6,5075,6404,2,79.247,64.354,14.893
151.119779,-25.005908,QLD,Queensland,145.0,-22.6,1090,1536,1,70.964,64.354,6.609
152.754415,-24.777944,QLD,Queensland,145.0,-22.6,19447,29246,9,66.495,64.354,2.14
150.231998,-24.693763,QLD,Queensland,145.0,-22.6,3211,5217,2,61.549,64.354,-2.806
151.863958,-24.475836,QLD,Queensland,145.0,-22.6,5139,6444,2,79.749,64.354,15.394
149.349129,-24.376091,QLD,Queensland,145.0,-22.6,826,2428,1,34.02,64.354,-30.335
150.978263,-24.168156,QLD,Queensland,145.0,-22.6,13030,20845,7,62.509,64.354,-1.845
150.097376,-23.854934,QLD,Queensland,145.0,-22.6,863,1147,1,75.24,64.354,10.885
147.598299,-23.724296,QLD,Queensland,145.0,-22.6,1822,2985,1,61.039,64.354,-3.316
143.477052,-23.69098,QLD,Queensland,145.0,-22.6,952,1630,1,58.405,64.354,-5.949
145.105866,-23.54992,QLD,Queensland,145.0,-22.6,1468,2204,1,66.606,64.354,2.252
140.993673,-23.444627,QLD,Queensland,145.0,-22.6,640,1104,1,57.971,64.354,-6.383
150.838812,-23.32961,QLD,Queensland,145.0,-22.6,27452,40680,15,67.483,64.354,3.128
148.3502,-23.211992,QLD,Queensland,145.0,-22.6,2591,4926,1,52.598,64.354,-11.756
149.964716,-23.015261,QLD,Queensland,145.0,-22.6,831,998,1,83.267,64.354,18.912
150.70138,-22.490107,QLD,Queensland,145.0,-22.6,1279,1530,1,83.595,64.354,19.24
147.371338,-22.039357,QLD,Queensland,145.0,-22.6,815,1457,1,55.937,64.354,-8.417
148.971299,-21.853572,QLD,Queensland,145.0,-22.6,1118,2866,1,39.009,64.354,-25.345
148.113397,-21.527108,QLD,Queensland,145.0,-22.6,736,2798,1,26.305,64.354,-38.05
149.705108,-21.332732,QLD,Queensland,145.0,-22.6,3114,4131,1,75.381,64.354,11.027
148.848966,-21.010506,QLD,Queensland,145.0,-22.6,26427,38993,15,67.774,64.354,3.419
139.202906,-20.994377,QLD,Queensland,145.0,-22.6,3185,6569,1,48.485,64.354,-15.869
147.997536,-20.682834,QLD,Queensland,145.0,-22.6,907,1421,1,63.828,64.354,-0.526
139.972457,-20.525606,QLD,Queensland,145.0,-22.6,866,1590,1,54.465,64.354,-9.889
145.568685,-20.515245,QLD,Queensland,145.0,-22.6,1143,1431,1,79.874,64.354,15.52
143.147578,-20.30496,QLD,Queensland,145.0,-22.6,817,1302,1,62.75,64.354,-1.605
148.728373,-20.166058,QLD,Queensland,145.0,-22.6,5617,8616,2,65.193,64.354,0.838
146.308959,-20.011254,QLD,Queensland,145.0,-22.6,1859,3006,1,61.843,64.354,-2.511
147.883321,-19.837125,QLD,Queensland,145.0,-22.6,2390,4023,1,59.408,64.354,-4.946
147.042959,-19.502778,QLD,Queensland,145.0,-22.6,40262,65956,25,61.044,64.354,-3.311
146.207321,-19.16304,QLD,Queensland,145.0,-22.6,7543,11003,3,68.554,64.354,4.2
146.936581,-18.654163,QLD,Queensland,145.0,-22.6,7,484,1,1.446,64.354,-62.908
142.989816,-18.603787,QLD,Queensland,145.0,-22.6,495,743,1,66.622,64.354,2.267
146.10711,-18.313117,QLD,Queensland,145.0,-22.6,6635,9403,3,70.563,64.354,6.208
145.282334,-17.966703,QLD,Queensland,145.0,-22.6,1640,2167,1,75.681,64.354,11.326
140.552057,-17.492576,QLD,Queensland,145.0,-22.6,909,2075,1,43.807,64.354,-20.547
146.008298,-17.461326,QLD,Queensland,145.0,-22.6,8484,12050,4,70.407,64.354,6.052
143.646977,-17.257846,QLD,Queensland,145.0,-22.6,1404,1929,1,72.784,64.354,8.429
145.189541,-17.113546,QLD,Queensland,145.0,-22.6,6084,9072,2,67.063,64.354,2.709
145.910855,-16.607505,QLD,Queensland,145.0,-22.6,40181,64191,22,62.596,64.354,-1.758
145.098031,-16.258299,QLD,Queensland,145.0,-22.6,1894,2709,1,69.915,64.354,5.561
141.893032,-14.808091,QLD,Queensland,145.0,-22.6,18,409,1,4.401,64.354,-59.953
141.825596,-13.944583,QLD,Queensland,145.0,-22.6,0,230,1,0.0,64.354,-64.354
143.329839,-13.820329,QLD,Queensland,145.0,-22.6,1433,3046,1,47.045,64.354,-17.309
141.693438,-12.209369,QLD,Queensland,145.0,-22.6,471,1370,1,34.38,64.354,-29.975
142.331728,-10.840895,QLD,Queensland,145.0,-22.6,99,809,1,12.237,64.354,-52.117
143.029472,-10.339449,QLD,Queensland,145.0,-22.6,65,1043,1,6.232,64.354,-58.122
142.26343,-9.964168,QLD,Queensland,145.0,-22.6,193,1060,1,18.208,64.354,-46.147
140.41921,-37.964068,SA,South Australia,136.7,-29.0,12132,17226,5,70.428,69.153,1.276
140.348734,-37.104816,SA,South Australia,136.7,-29.0,3579,4968,3,72.041,69.153,2.888
141.234653,-36.625139,SA,South Australia,136.7,-29.0,901,1221,1,73.792,69.153,4.639
140.279427,-36.248081,SA,South Australia,136.7,-29.0,1821,2547,1,71.496,69.153,2.343
137.501042,-35.940204,SA,South Australia,136.7,-29.0,1451,2048,1,70.85,69.153,1.697
139.331203,-35.865745,SA,South Australia,136.7,-29.0,1521,2189,1,69.484,69.153,0.331
138.390008,-35.478191,SA,South Australia,136.7,-29.0,68887,91287,23,75.462,69.153,6.309
140.211259,-35.393591,SA,South Australia,136.7,-29.0,863,1176,1,73.384,69.153,4.232
137.455867,-35.085476,SA,South Australia,136.7,-29.0,1526,1913,1,79.77,69.153,10.617
139.271055,-35.011804,SA,South Australia,136.7,-29.0,35679,45726,13,78.028,69.153,8.875
138.33777,-34.62481,SA,South Australia,136.7,-29.0,291271,435423,80,66.894,69.153,-2.259
140.144203,-34.541088,SA,South Australia,136.7,-29.0,3979,5435,3,73.211,69.153,4.058
135.608816,-34.284789,SA,South Australia,136.7,-29.0,6248,9132,2,68.419,69.153,-0.734
137.411426,-34.232665,SA,South Australia,136.7,-29.0,7125,9614,4,74.111,69.153,4.958
139.211884,-34.159746,SA,South Australia,136.7,-29.0,10063,13099,5,76.823,69.153,7.67
141.00948,-34.066085,SA,South Australia,136.7,-29.0,3683,5693,3,64.693,69.153,-4.459
138.286377,-33.773208,SA,South Australia,136.7,-29.0,5120,6855,3,74.69,69.153,5.537
135.579639,-33.433134,SA,South Australia,136.7,-29.0,634,867,1,73.126,69.153,3.973
137.367704,-33.381526,SA,South Australia,136.7,-29.0,5210,9023,1,57.741,69.153,-11.411
139.153668,-33.309328,SA,South Australia,136.7,-29.0,1312,1716,1,76.457,69.153,7.304
136.455883,-32.984754,SA,South Australia,136.7,-29.0,1249,1691,1,73.862,69.153,4.709
138.235811,-32.923145,SA,South Australia,136.7,-29.0,5218,7722,2,67.573,69.153,-1.58
132.0,-32.62385,SA,South Australia,136.7,-29.0,982,1480,1,66.351,69.153,-2.801
137.324682,-32.531826,SA,South Australia,136.7,-29.0,3770,6175,2,61.053,69.153,-8.1
139.096383,-32.460317,SA,South Australia,136.7,-29.0,1878,2356,1,79.711,69.153,10.559
133.761673,-31.764375,SA,South Australia,136.7,-29.0,627,1084,1,57.841,69.153,-11.311
136.350809,-30.439889,SA,South Australia,136.7,-29.0,357,1298,1,27.504,69.153,-41.649
137.199654,-29.989144,SA,South Australia,136.7,-29.0,546,1097,1,49.772,69.153,-19.381
134.570697,-28.786458,SA,South Australia,136.7,-29.0,477,784,1,60.842,69.153,-8.311
131.15607,-27.113665,SA,South Australia,136.7,-29.0,16,559,1,2.862,69.153,-66.291
146.87008,-43.645262,TAS,Tasmania,146.5,-41.8,2961,3570,2,82.941,70.953,11.988
147.781306,-43.113305,TAS,Tasmania,146.5,-41.8,46030,64279,23,71.61,70.953,0.656
146.738634,-42.76563,TAS,Tasmania,146.5,-41.8,25342,37776,15,67.085,70.953,-3.868
147.642581,-42.237308,TAS,Tasmania,146.5,-41.8,4748,6169,3,76.965,70.953,6.012
146.609481,-41.890599,TAS,Tasmania,146.5,-41.8,3911,5109,3,76.551,70.953,5.598
145.583576,-41.538087,TAS,Tasmania,146.5,-41.8,6300,7856,4,80.193,70.953,9.24
147.506262,-41.365652,TAS,Tasmania,146.5,-41.8,32545,47136,23,69.045,70.953,-1.908
144.564922,-41.179853,TAS,Tasmania,146.5,-41.8,1104,1514,1,72.919,70.953,1.966
146.482562,-41.01978,TAS,Tasmania,146.5,-41.8,27019,37816,17,71.449,70.953,0.495
145.465947,-40.668142,TAS,Tasmania,146.5,-41.8,4145,5898,3,70.278,70.953,-0.675
143.454182,-39.947875,TAS,Tasmania,146.5,-41.8,435,643,1,67.652,70.953,-3.302
147.240596,-39.633904,TAS,Tasmania,146.5,-41.8,268,417,1,64.269,70.953,-6.685
146.2352,-39.289351,VIC,Victoria,142.2,-37.4,1884,2318,1,81.277,69.154,12.123
143.356484,-39.083251,VIC,Victoria,142.2,-37.4,1331,1756,1,75.797,69.154,6.643
145.236675,-38.9391,VIC,Victoria,142.2,-37.4,4299,5705,1,75.355,69.154,6.201
147.111132,-38.773134,VIC,Victoria,142.2,-37.4,1944,2395,1,81.169,69.154,12.015
142.37022,-38.71561,VIC,Victoria,142.2,-37.4,9806,14103,2,69.531,69.154,0.377
144.245071,-38.583221,VIC,Victoria,142.2,-37.4,52763,73028,13,72.25,69.154,3.096
146.114649,-38.429076,VIC,Victoria,142.2,-37.4,50498,66096,11,76.401,69.154,7.247
141.391117,-38.342526,VIC,Victoria,142.2,-37.4,3365,4595,1,73.232,69.154,4.078
147.978178,-38.253311,VIC,Victoria,142.2,-37.4,6121,7692,2,79.576,69.154,10.422
143.260434,-38.221786,VIC,Victoria,142.2,-37.4,12183,15999,6,76.149,69.154,6.995
145.124932,-38.079351,VIC,Victoria,142.2,-37.4,1051674,1578571,307,66.622,69.154,-2.532
146.983839,-37.915348,VIC,Victoria,142.2,-37.4,16224,21493,6,75.485,69.154,6.331
142.282807,-37.854863,VIC,Victoria,142.2,-37.4,8250,10653,3,77.443,69.154,8.289
148.836396,-37.729917,VIC,Victoria,142.2,-37.4,2218,2825,1,78.513,69.154,9.359
144.142031,-37.72403,VIC,Victoria,142.2,-37.4,121033,169143,40,71.557,69.154,2.403
145.996113,-37.571682,VIC,Victoria,142.2,-37.4,17512,20981,6,83.466,69.154,14.312
141.312229,-37.482517,VIC,Victoria,142.2,-37.4,2996,3597,1,83.292,69.154,14.138
147.844297,-37.397952,VIC,Victoria,142.2,-37.4,7094,9324,2,76.083,69.154,6.929
143.165991,-37.363177,VIC,Victoria,142.2,-37.4,5982,7634,4,78.36,69.154,9.206
145.015054,-37.222382,VIC,Victoria,142.2,-37.4,108845,141699,39,76.814,69.154,7.66
146.858663,-37.060252,VIC,Victoria,142.2,-37.4,2745,3626,1,75.703,69.154,6.549
142.196853,-36.996859,VIC,Victoria,142.2,-37.4,8503,11693,3,72.719,69.154,3.565
144.040706,-36.867511,VIC,Victoria,142.2,-37.4,42799,58570,14,73.073,69.154,3.919
145.879545,-36.716883,VIC,Victoria,142.2,-37.4,11089,13877,5,79.909,69.154,10.755
144.906993,-36.367907,VIC,Victoria,142.2,-37.4,26919,38095,10,70.663,69.154,1.509
146.735551,-36.207569,VIC,Victoria,142.2,-37.4,22944,32577,9,70.43,69.154,1.276
142.11232,-36.141316,VIC,Victoria,142.2,-37.4,4448,5587,2,79.613,69.154,10.459
143.941054,-36.013389,VIC,Victoria,142.2,-37.4,5712,7159,3,79.788,69.154,10.634
145.764894,-35.864403,VIC,Victoria,142.2,-37.4,8983,11855,4,75.774,69.154,6.62
141.158357,-35.770114,VIC,Victoria,142.2,-37.4,869,1128,1,77.039,69.154,7.885
142.981768,-35.653388,VIC,Victoria,142.2,-37.4,2030,2537,1,80.016,69.154,10.862
142.029175,-35.287966,VIC,Victoria,142.2,-37.4,1180,1463,1,80.656,69.154,11.502
143.843032,-35.161398,VIC,Victoria,142.2,-37.4,2857,4340,1,65.829,69.154,-3.324
142.891912,-34.801677,VIC,Victoria,142.2,-37.4,2363,3376,2,69.994,69.154,0.84
141.947383,-34.436554,VIC,Victoria,142.2,-37.4,14128,21223,6,66.569,69.154,-2.585
118.347885,-35.013983,WA,Western Australia,121.8,-26.0,10490,14831,5,70.73,69.758,0.973
116.544278,-34.845834,WA,Western Australia,121.8,-26.0,1809,2445,1,73.988,69.758,4.23
117.504676,-34.508394,WA,Western Australia,121.8,-26.0,2504,3502,2,71.502,69.758,1.744
115.711256,-34.330833,WA,Western Australia,121.8,-26.0,4850,6701,3,72.377,69.758,2.62
118.458837,-34.165374,WA,Western Australia,121.8,-26.0,646,1064,1,60.714,69.758,-9.043
116.669623,-33.998926,WA,Western Australia,121.8,-26.0,2165,2757,1,78.527,69.758,8.77
114.886428,-33.812062,WA,Western Australia,121.8,-26.0,10979,15175,3,72.349,69.758,2.592
117.621889,-33.661409,WA,Western Australia,121.8,-26.0,1053,1604,1,65.648,69.758,-4.109
122.133088,-33.586835,WA,Western Australia,121.8,-26.0,3797,5935,2,63.976,69.758,-5.781
115.842677,-33.485608,WA,Western Australia,121.8,-26.0,32158,44276,14,72.631,69.758,2.873
116.79296,-33.153518,WA,Western Australia,121.8,-26.0,2454,3533,2,69.459,69.758,-0.298
119.507937,-32.969763,WA,Western Australia,121.8,-26.0,1055,1556,1,67.802,69.758,-1.956
115.972005,-32.64173,WA,Western Australia,121.8,-26.0,76906,104276,26,73.752,69.758,3.995
116.914338,-32.309386,WA,Western Australia,121.8,-26.0,2654,3453,2,76.861,69.758,7.103
115.158975,-32.126071,WA,Western Australia,121.8,-26.0,8623,14307,2,60.271,69.758,-9.486
117.850741,-31.971485,WA,Western Australia,121.8,-26.0,936,1343,1,69.695,69.758,-0.063
116.099289,-31.798982,WA,Western Australia,121.8,-26.0,464978,655736,138,70.909,69.758,1.152
118.78117,-31.628077,WA,Western Australia,121.8,-26.0,1201,1799,1,66.759,69.758,-2.998
124.959992,-31.61249,WA,Western Australia,121.8,-26.0,894,1474,1,60.651,69.758,-9.106
117.033802,-31.466312,WA,Western Australia,121.8,-26.0,2992,4052,1,73.84,69.758,4.082
115.292038,-31.28466,WA,Western Australia,121.8,-26.0,3933,5055,2,77.804,69.758,8.046
116.224578,-30.957152,WA,Western Australia,121.8,-26.0,1720,1934,1,88.935,69.758,19.177
118.885243,-30.784422,WA,Western Australia,121.8,-26.0,736,1168,1,63.014,69.758,-6.744
117.151397,-30.624088,WA,Western Australia,121.8,-26.0,2159,3163,2,68.258,69.758,-1.5
121.536226,-30.565294,WA,Western Australia,121.8,-26.0,6063,10105,3,60.0,69.758,-9.758
115.423026,-30.444029,WA,Western Australia,121.8,-26.0,2612,3445,1,75.82,69.758,6.062
115.551987,-29.603979,WA,Western Australia,121.8,-26.0,991,1480,1,66.959,69.758,-2.798
114.763559,-29.087935,WA,Western Australia,121.8,-26.0,10660,15734,5,67.751,69.758,-2.006
114.895967,-28.249165,WA,Western Australia,121.8,-26.0,1836,2522,1,72.799,69.758,3.042
123.604734,-26.452142,WA,Western Australia,121.8,-26.0,216,1100,1,19.636,69.758,-50.121
120.262809,-26.221406,WA,Western Australia,121.8,-26.0,412,956,1,43.096,69.758,-26.661
115.405974,-24.893072,WA,Western Australia,121.8,-26.0,2458,3959,1,62.086,69.758,-7.671
113.768002,-24.693763,WA,Western Australia,121.8,-26.0,1299,2197,1,59.126,69.758,-10.632
119.753247,-23.200675,WA,Western Australia,121.8,-26.0,180,1475,1,12.203,69.758,-57.554
116.628662,-22.039357,WA,Western Australia,121.8,-26.0,666,2444,1,27.25,69.758,-42.507
123.137082,-21.750742,WA,Western Australia,121.8,-26.0,376,841,1,44.709,69.758,-25.049
116.739696,-21.195215,WA,Western Australia,121.8,-26.0,625,1603,1,38.989,69.758,-30.768
118.431315,-20.515245,WA,Western Australia,121.8,-26.0,1333,5212,2,25.576,69.758,-44.182
116.849144,-20.349742,WA,Western Australia,121.8,-26.0,1734,5376,1,32.254,69.758,-37.503
127.280578,-18.967824,WA,Western Australia,121.8,-26.0,307,1230,1,24.959,69.758,-44.798
121.827723,-18.238647,WA,Western Australia,121.8,-26.0,946,1638,1,57.753,69.758,-12.004
122.640316,-17.868238,WA,Western Australia,121.8,-26.0,2966,5873,1,50.502,69.758,-19.255
124.999409,-17.582937,WA,Western Australia,121.8,-26.0,709,2418,1,29.322,69.758,-40.436
126.665414,-15.07562,WA,Western Australia,121.8,-26.0,1118,2908,1,38.446,69.758,-31.312
