sa2_code,owner_dwellings,known_tenure_dwellings,ownership_pct,coverage
101021007,1466,1783,82.2,Valid rate
101021008,2136,3060,69.8,Valid rate
101021009,2677,4895,54.7,Valid rate
101021010,1240,2264,54.8,Valid rate
101021012,3281,4311,76.1,Valid rate
101021610,1507,1905,79.1,Valid rate
101021611,4755,5381,88.4,Valid rate
101031013,750,993,75.5,Valid rate
101031014,1852,2786,66.5,Valid rate
101031015,1122,1324,84.7,Valid rate
101031016,2092,3333,62.8,Valid rate
101041017,2324,3521,66.0,Valid rate
101041018,2763,3813,72.5,Valid rate
101041019,2542,3571,71.2,Valid rate
101041020,3184,3714,85.7,Valid rate
101041021,1167,1579,73.9,Valid rate
101041022,12,12,,No reliable rate (fewer than 50 stated-tenure dwellings)
101041023,925,1405,65.8,Valid rate
101041024,1122,1369,82.0,Valid rate
101041025,3724,4970,74.9,Valid rate
101041026,2862,3633,78.8,Valid rate
101041027,3316,4291,77.3,Valid rate
101051539,6064,9441,64.2,Valid rate
101051540,4264,5097,83.7,Valid rate
101061541,1857,2545,73.0,Valid rate
101061542,3609,4203,85.9,Valid rate
101061543,2843,4152,68.5,Valid rate
101061544,2267,2975,76.2,Valid rate
102011028,2073,2589,80.1,Valid rate
102011029,3698,4302,86.0,Valid rate
102011030,1211,1633,74.2,Valid rate
102011031,4232,5513,76.8,Valid rate
102011032,4565,9170,49.8,Valid rate
102011033,1599,2090,76.5,Valid rate
102011034,1957,2973,65.8,Valid rate
102011035,1975,2501,79.0,Valid rate
102011036,2230,2788,80.0,Valid rate
102011037,1875,2508,74.8,Valid rate
102011038,2142,2672,80.2,Valid rate
102011039,4145,5472,75.7,Valid rate
102011040,6600,10234,64.5,Valid rate
102011041,2836,3639,77.9,Valid rate
102011042,3747,6015,62.3,Valid rate
102011043,2870,4262,67.3,Valid rate
102021044,5968,8290,72.0,Valid rate
102021045,2598,3876,67.0,Valid rate
102021046,2905,3897,74.5,Valid rate
102021047,4452,5676,78.4,Valid rate
102021048,5477,8407,65.1,Valid rate
102021049,911,1029,88.5,Valid rate
102021050,3749,4621,81.1,Valid rate
102021051,1320,1689,78.2,Valid rate
102021052,1961,2472,79.3,Valid rate
102021053,3855,6985,55.2,Valid rate
102021054,2623,4132,63.5,Valid rate
102021055,1272,1841,69.1,Valid rate
102021056,4199,6279,66.9,Valid rate
102021057,2020,3448,58.6,Valid rate
103011059,3076,4190,73.4,Valid rate
103011060,2082,2385,87.3,Valid rate
103011061,1345,1818,74.0,Valid rate
103011612,2015,4388,45.9,Valid rate
103011613,3815,5229,73.0,Valid rate
103021062,1573,2319,67.8,Valid rate
103021063,2525,3735,67.6,Valid rate
103021064,1755,2200,79.8,Valid rate
103021065,2638,3801,69.4,Valid rate
103021066,1142,1483,77.0,Valid rate
103021067,2781,4169,66.7,Valid rate
103021068,872,1202,72.5,Valid rate
103021069,1627,2190,74.3,Valid rate
103031070,3381,5095,66.4,Valid rate
103031071,2666,3213,83.0,Valid rate
103031072,3030,4721,64.2,Valid rate
103031073,1073,1446,74.2,Valid rate
103031074,3252,4000,81.3,Valid rate
103031075,0,0,,No reliable rate (fewer than 50 stated-tenure dwellings)
103041076,2092,2775,75.4,Valid rate
103041077,4568,7628,59.9,Valid rate
103041078,5457,8012,68.1,Valid rate
103041079,3431,4166,82.4,Valid rate
104011080,4924,7599,64.8,Valid rate
104011081,5025,5881,85.4,Valid rate
104011082,5635,7645,73.7,Valid rate
104021083,1739,2287,76.0,Valid rate
104021084,4413,7174,61.5,Valid rate
104021085,2385,4286,55.6,Valid rate
104021086,1070,1326,80.7,Valid rate
104021087,1071,1381,77.6,Valid rate
104021088,2919,3703,78.8,Valid rate
104021089,5368,7753,69.2,Valid rate
104021090,1537,2077,74.0,Valid rate
104021091,4000,5516,72.5,Valid rate
105011092,589,1183,49.8,Valid rate
105011093,924,1506,61.4,Valid rate
105011094,850,1349,63.0,Valid rate
105011095,1176,1764,66.7,Valid rate
105011096,1119,1920,58.3,Valid rate
105021097,5374,7395,72.7,Valid rate
105021098,481,889,54.1,Valid rate
105031099,2130,2889,73.7,Valid rate
105031100,2258,3649,61.9,Valid rate
105031101,4372,7332,59.6,Valid rate
105031102,2291,3576,64.1,Valid rate
105031103,1644,1889,87.0,Valid rate
105031104,1101,1593,69.1,Valid rate
105031105,1617,2244,72.1,Valid rate
105031106,2050,2933,69.9,Valid rate
106011107,3441,4456,77.2,Valid rate
106011108,5242,8212,63.8,Valid rate
106011109,2778,3149,88.2,Valid rate
106011110,2953,3586,82.3,Valid rate
106011111,5200,7455,69.8,Valid rate
106011112,4164,6010,69.3,Valid rate
106011113,1381,1748,79.0,Valid rate
106021114,1963,3127,62.8,Valid rate
106021116,2510,2940,85.4,Valid rate
106021614,4352,6796,64.0,Valid rate
106021615,4058,6097,66.6,Valid rate
106021616,1924,2983,64.5,Valid rate
106021617,2717,4061,66.9,Valid rate
106021618,3687,5315,69.4,Valid rate
106031119,2063,2541,81.2,Valid rate
106031120,2000,2777,72.0,Valid rate
106031121,6561,9256,70.9,Valid rate
106031122,3247,5486,59.2,Valid rate
106031123,1656,1794,92.3,Valid rate
106031124,1921,2666,72.1,Valid rate
106031125,4004,5139,77.9,Valid rate
106041126,2728,4614,59.1,Valid rate
106041127,1029,1473,69.9,Valid rate
106041128,1564,2351,66.5,Valid rate
106041129,2267,3175,71.4,Valid rate
107011131,6741,9052,74.5,Valid rate
107011132,3193,3866,82.6,Valid rate
107011133,4,4,,No reliable rate (fewer than 50 stated-tenure dwellings)
107011134,3944,5309,74.3,Valid rate
107011545,3247,5064,64.1,Valid rate
107011546,2143,3744,57.2,Valid rate
107011547,1318,1800,73.2,Valid rate
107021135,0,0,,No reliable rate (fewer than 50 stated-tenure dwellings)
107031136,5157,6367,81.0,Valid rate
107031137,1819,2558,71.1,Valid rate
107031138,2620,3570,73.4,Valid rate
107031139,1813,2120,85.5,Valid rate
107031140,2371,2973,79.8,Valid rate
107031141,4885,6575,74.3,Valid rate
107031142,2796,3946,70.9,Valid rate
107031143,4848,7873,61.6,Valid rate
107041144,5366,8106,66.2,Valid rate
107041145,3858,6502,59.3,Valid rate
107041146,5643,7672,73.6,Valid rate
107041147,2477,2985,83.0,Valid rate
107041148,3377,4228,79.9,Valid rate
107041150,5665,7544,75.1,Valid rate
107041548,3298,7795,42.3,Valid rate
107041549,3330,6475,51.4,Valid rate
108011151,1605,1963,81.8,Valid rate
108011152,4548,6538,69.6,Valid rate
108011153,2352,2803,83.9,Valid rate
108011154,2079,3006,69.2,Valid rate
108021155,3576,5244,68.2,Valid rate
108021156,2982,3727,80.0,Valid rate
108021157,1577,2091,75.4,Valid rate
108021158,2029,3166,64.1,Valid rate
108021159,2593,3075,84.3,Valid rate
108021160,1923,2563,75.0,Valid rate
108031161,103,170,60.6,Valid rate
108041162,6036,7599,79.4,Valid rate
108041164,5247,8616,60.9,Valid rate
108041165,1572,1885,83.4,Valid rate
108041166,3431,4575,75.0,Valid rate
108041619,2971,5114,58.1,Valid rate
108041620,5098,6803,74.9,Valid rate
108051167,1698,2237,75.9,Valid rate
108051168,3808,4957,76.8,Valid rate
108051169,5210,8148,63.9,Valid rate
108051170,4448,5279,84.3,Valid rate
108051171,1578,2076,76.0,Valid rate
109011172,4480,6580,68.1,Valid rate
109011173,2576,4108,62.7,Valid rate
109011174,2672,4513,59.2,Valid rate
109011175,3526,4310,81.8,Valid rate
109011176,3789,6392,59.3,Valid rate
109021177,759,1137,66.8,Valid rate
109021178,1691,2234,75.7,Valid rate
109021179,807,1186,68.0,Valid rate
109031180,1782,2402,74.2,Valid rate
109031181,2169,2793,77.7,Valid rate
109031182,2015,2829,71.2,Valid rate
109031183,1934,2571,75.2,Valid rate
109031184,2012,2643,76.1,Valid rate
109031185,2864,3751,76.4,Valid rate
110011186,5232,8791,59.5,Valid rate
110011187,1142,1608,71.0,Valid rate
110011188,1784,2275,78.4,Valid rate
110011189,877,1229,71.4,Valid rate
110021190,2594,3620,71.7,Valid rate
110021191,2961,4582,64.6,Valid rate
110021192,1390,1804,77.1,Valid rate
110021193,1685,2181,77.3,Valid rate
110021194,2212,2891,76.5,Valid rate
110031195,1582,2768,57.2,Valid rate
110031196,882,1529,57.7,Valid rate
110031197,1711,2640,64.8,Valid rate
110031198,1026,1555,66.0,Valid rate
110041199,2350,3609,65.1,Valid rate
110041200,1070,1535,69.7,Valid rate
110041201,1984,2808,70.7,Valid rate
110041202,5158,8158,63.2,Valid rate
110041203,3689,6384,57.8,Valid rate
110041204,963,1903,50.6,Valid rate
110041205,5603,6968,80.4,Valid rate
111011206,5164,6865,75.2,Valid rate
111011207,1626,2387,68.1,Valid rate
111011208,7005,9606,72.9,Valid rate
111011209,6877,9150,75.2,Valid rate
111011210,1924,3620,53.1,Valid rate
111011211,1176,1396,84.2,Valid rate
111011212,3780,4965,76.1,Valid rate
111011213,3935,4465,88.1,Valid rate
111011214,4390,5843,75.1,Valid rate
111021215,2551,3656,69.8,Valid rate
111021216,2706,3658,74.0,Valid rate
111021217,4100,5545,73.9,Valid rate
111021218,4661,6629,70.3,Valid rate
111021219,3999,5490,72.8,Valid rate
111021220,2985,3645,81.9,Valid rate
111021221,2088,2563,81.5,Valid rate
111031222,4442,6202,71.6,Valid rate
111031223,2286,3305,69.2,Valid rate
111031224,2957,5252,56.3,Valid rate
111031225,4607,6744,68.3,Valid rate
111031226,3994,5350,74.7,Valid rate
111031227,3709,6314,58.7,Valid rate
111031228,3715,5598,66.4,Valid rate
111031229,2792,6201,45.0,Valid rate
111031230,11,24,,No reliable rate (fewer than 50 stated-tenure dwellings)
111031231,1848,4202,44.0,Valid rate
111031232,2598,3547,73.2,Valid rate
111031233,5235,8124,64.4,Valid rate
111031234,2862,4938,58.0,Valid rate
111031235,2201,3969,55.5,Valid rate
112011236,4939,8015,61.6,Valid rate
112011237,5118,6792,75.4,Valid rate
112011238,1648,2276,72.4,Valid rate
112011239,2423,3577,67.7,Valid rate
112011240,2448,4121,59.4,Valid rate
112011241,1660,2384,69.6,Valid rate
112011242,2605,3404,76.5,Valid rate
112011243,2149,3085,69.7,Valid rate
112021244,3180,4656,68.3,Valid rate
112021245,2090,2572,81.3,Valid rate
112021246,3654,5303,68.9,Valid rate
112021247,2312,3022,76.5,Valid rate
112021248,3754,6211,60.4,Valid rate
112021249,4652,5662,82.2,Valid rate
112031250,4201,5801,72.4,Valid rate
112031251,2462,3658,67.3,Valid rate
112031252,2818,3499,80.5,Valid rate
112031253,3754,5147,72.9,Valid rate
112031254,5879,8652,67.9,Valid rate
112031550,4908,6302,77.9,Valid rate
112031551,926,1051,88.1,Valid rate
112031552,2599,3813,68.2,Valid rate
113011256,4288,7120,60.2,Valid rate
113011257,2936,4258,69.0,Valid rate
113011258,2491,3621,68.8,Valid rate
113011259,1575,2197,71.7,Valid rate
113021260,967,1333,72.5,Valid rate
113021261,1719,2620,65.6,Valid rate
113021262,1438,1811,79.4,Valid rate
113031263,2332,3158,73.8,Valid rate
113031264,974,1334,73.0,Valid rate
113031265,1468,2055,71.4,Valid rate
113031266,1933,2627,73.6,Valid rate
113031267,4507,6297,71.6,Valid rate
113031268,1141,1777,64.2,Valid rate
113031269,5418,8309,65.2,Valid rate
113031270,2329,4997,46.6,Valid rate
113031271,4572,5929,77.1,Valid rate
114011272,3248,3994,81.3,Valid rate
114011273,1239,1573,78.8,Valid rate
114011274,1650,2246,73.5,Valid rate
114011275,28,28,,No reliable rate (fewer than 50 stated-tenure dwellings)
114011276,1528,2113,72.3,Valid rate
114011277,4428,6232,71.1,Valid rate
114011278,4575,7775,58.8,Valid rate
114011279,4442,6183,71.8,Valid rate
114011280,1646,2078,79.2,Valid rate
114011281,1129,1274,88.6,Valid rate
114011282,5363,7066,75.9,Valid rate
114011283,2139,2493,85.8,Valid rate
114021284,4425,5602,79.0,Valid rate
114021285,1847,2174,85.0,Valid rate
114021286,3004,4172,72.0,Valid rate
114021287,2966,4079,72.7,Valid rate
114021288,1221,1457,83.8,Valid rate
114021289,2440,2880,84.7,Valid rate
115011290,6033,8247,73.2,Valid rate
115011291,5556,6822,81.4,Valid rate
115011294,1723,2144,80.4,Valid rate
115011296,3452,3943,87.5,Valid rate
115011553,1773,2625,67.5,Valid rate
115011554,1149,1778,64.6,Valid rate
115011555,3057,3847,79.5,Valid rate
115011556,2371,3429,69.1,Valid rate
115011557,1305,1539,84.8,Valid rate
115011558,4897,5894,83.1,Valid rate
115011621,4318,5216,82.8,Valid rate
115011622,2321,3476,66.8,Valid rate
115021297,5687,6761,84.1,Valid rate
115021298,1425,1749,81.5,Valid rate
115031299,895,1026,87.2,Valid rate
115031300,6153,7091,86.8,Valid rate
115041301,2937,3564,82.4,Valid rate
115041623,2411,3032,79.5,Valid rate
115041624,3627,5064,71.6,Valid rate
115041625,3998,5115,78.2,Valid rate
116011303,2812,5823,48.3,Valid rate
116011304,3795,6591,57.6,Valid rate
116011306,4388,6965,63.0,Valid rate
116011307,5794,8560,67.7,Valid rate
116011560,2514,4040,62.2,Valid rate
116011561,3165,5220,60.6,Valid rate
116011626,3405,4946,68.8,Valid rate
116011627,2327,3752,62.0,Valid rate
116021309,3545,4454,79.6,Valid rate
116021562,881,1114,79.1,Valid rate
116021563,5216,7564,69.0,Valid rate
116021628,4466,5946,75.1,Valid rate
116021629,3536,4412,80.1,Valid rate
116021630,2800,4326,64.7,Valid rate
116021631,2119,2786,76.1,Valid rate
116021632,4562,7545,60.5,Valid rate
116021633,2793,3561,78.4,Valid rate
116031313,2589,5519,46.9,Valid rate
116031314,1661,2409,68.9,Valid rate
116031315,4253,5955,71.4,Valid rate
116031316,3173,6455,49.2,Valid rate
116031317,3265,6856,47.6,Valid rate
116031318,0,19,,No reliable rate (fewer than 50 stated-tenure dwellings)
116031319,4441,6457,68.8,Valid rate
117011320,81,203,39.9,Valid rate
117011321,2890,4715,61.3,Valid rate
117011323,2631,5630,46.7,Valid rate
117011324,3,9,,No reliable rate (fewer than 50 stated-tenure dwellings)
117011325,0,0,,No reliable rate (fewer than 50 stated-tenure dwellings)
117011634,1758,3380,52.0,Valid rate
117011635,3307,8073,41.0,Valid rate
117021327,4123,8230,50.1,Valid rate
117021328,1963,3162,62.1,Valid rate
117021636,2591,4784,54.2,Valid rate
117021637,2858,5768,49.5,Valid rate
117031329,1967,5425,36.3,Valid rate
117031330,4132,8985,46.0,Valid rate
117031331,3340,9425,35.4,Valid rate
117031333,3440,10165,33.8,Valid rate
117031336,2528,7789,32.5,Valid rate
117031638,1207,2927,41.2,Valid rate
117031639,810,3742,21.6,Valid rate
117031640,2668,6540,40.8,Valid rate
117031641,2020,5593,36.1,Valid rate
117031642,2134,6100,35.0,Valid rate
117031643,2322,5242,44.3,Valid rate
117031644,1251,3975,31.5,Valid rate
117031645,1709,7662,22.3,Valid rate
117031646,730,2795,26.1,Valid rate
117031647,1947,7982,24.4,Valid rate
117031648,1655,6057,27.3,Valid rate
118011339,3643,7647,47.6,Valid rate
118011340,3495,8521,41.0,Valid rate
118011341,3539,7060,50.1,Valid rate
118011342,0,0,,No reliable rate (fewer than 50 stated-tenure dwellings)
118011344,2587,4082,63.4,Valid rate
118011345,3355,6557,51.2,Valid rate
118011346,2943,4213,69.9,Valid rate
118011347,1898,3100,61.2,Valid rate
118011649,3500,5622,62.3,Valid rate
118011650,2499,4645,53.8,Valid rate
118021564,1855,4326,42.9,Valid rate
118021565,2394,5097,47.0,Valid rate
118021566,2310,3578,64.6,Valid rate
118021567,2064,4511,45.8,Valid rate
118021568,2111,3789,55.7,Valid rate
118021569,3282,6742,48.7,Valid rate
118021570,2266,5022,45.1,Valid rate
118021651,3843,8055,47.7,Valid rate
118021652,2105,3476,60.6,Valid rate
118021653,2956,4577,64.6,Valid rate
118021654,1019,2023,50.4,Valid rate
119011354,4222,6571,64.3,Valid rate
119011355,248,432,57.4,Valid rate
119011356,2350,3392,69.3,Valid rate
119011358,3996,5867,68.1,Valid rate
119011360,3665,5698,64.3,Valid rate
119011361,3864,6404,60.3,Valid rate
119011571,2493,5454,45.7,Valid rate
119011572,2652,5510,48.1,Valid rate
119011655,2512,4013,62.6,Valid rate
119011656,2303,3459,66.6,Valid rate
119011657,2782,3743,74.3,Valid rate
119011658,4016,5364,74.9,Valid rate
119021362,3977,6849,58.1,Valid rate
119021366,3560,6044,58.9,Valid rate
119021367,3197,4654,68.7,Valid rate
119021573,1917,4862,39.4,Valid rate
119021574,1307,3044,42.9,Valid rate
119021659,1884,3937,47.9,Valid rate
119021660,1119,3040,36.8,Valid rate
119021661,2443,4419,55.3,Valid rate
119021662,4721,6067,77.8,Valid rate
119021663,1505,2022,74.4,Valid rate
119031370,2900,4755,61.0,Valid rate
119031371,3333,4281,77.9,Valid rate
119031372,5286,6798,77.8,Valid rate
119031373,1779,4304,41.3,Valid rate
119031374,5589,8215,68.0,Valid rate
119031664,1683,4280,39.3,Valid rate
119031665,2520,3742,67.3,Valid rate
119031666,3560,5226,68.1,Valid rate
119031667,1969,3552,55.4,Valid rate
119041377,3144,4425,71.1,Valid rate
119041378,2476,4848,51.1,Valid rate
119041379,3467,5694,60.9,Valid rate
119041380,3360,5566,60.4,Valid rate
119041381,3817,6992,54.6,Valid rate
119041382,4451,6494,68.5,Valid rate
119041668,3255,5494,59.2,Valid rate
119041669,2341,3128,74.8,Valid rate
119041670,3398,5413,62.8,Valid rate
119041671,1612,4610,35.0,Valid rate
120011383,5934,8618,68.9,Valid rate
120011385,4781,7169,66.7,Valid rate
120011386,5127,8328,61.6,Valid rate
120011672,2737,4388,62.4,Valid rate
120011673,1933,5001,38.7,Valid rate
120021387,3927,6568,59.8,Valid rate
120021389,3353,5611,59.8,Valid rate
120021674,2148,3794,56.6,Valid rate
120021675,4053,6833,59.3,Valid rate
120031392,2834,4554,62.2,Valid rate
120031393,4091,6211,65.9,Valid rate
120031394,3985,7643,52.1,Valid rate
120031395,3265,5234,62.4,Valid rate
120031396,3026,7567,40.0,Valid rate
120031576,808,1259,64.2,Valid rate
120031676,2040,4683,43.6,Valid rate
120031677,2357,4752,49.6,Valid rate
120031678,2064,5936,34.8,Valid rate
120031679,2411,3680,65.5,Valid rate
120031680,2211,5605,39.4,Valid rate
120031681,2210,2847,77.6,Valid rate
121011399,4988,8239,60.5,Valid rate
121011401,2369,5386,44.0,Valid rate
121011682,1737,3612,48.1,Valid rate
121011683,3634,4420,82.2,Valid rate
121011684,3162,7293,43.4,Valid rate
121011685,3278,4581,71.6,Valid rate
121011686,3717,6199,60.0,Valid rate
121011687,3124,4505,69.3,Valid rate
121021403,5919,7540,78.5,Valid rate
121021404,3484,4006,87.0,Valid rate
121021406,5072,6297,80.5,Valid rate
121021577,2244,4932,45.5,Valid rate
121021578,2572,3703,69.5,Valid rate
121021579,2400,4382,54.8,Valid rate
121031407,5460,7808,69.9,Valid rate
121031408,6096,8314,73.3,Valid rate
121031409,4515,5577,81.0,Valid rate
121031410,6071,7278,83.4,Valid rate
121031411,5617,6941,80.9,Valid rate
121031412,4840,5929,81.6,Valid rate
121041413,4644,8405,55.3,Valid rate
121041414,4023,8384,48.0,Valid rate
121041416,3587,8374,42.8,Valid rate
121041417,2349,6069,38.7,Valid rate
121041688,3794,5707,66.5,Valid rate
121041689,3677,5829,63.1,Valid rate
122011418,5460,7029,77.7,Valid rate
122011419,4773,9409,50.7,Valid rate
122021420,3925,4701,83.5,Valid rate
122021421,3184,3875,82.2,Valid rate
122021422,3952,4957,79.7,Valid rate
122021690,3901,5172,75.4,Valid rate
122021691,2838,3550,79.9,Valid rate
122031424,3320,4671,71.1,Valid rate
122031425,2070,2657,77.9,Valid rate
122031427,3427,4286,80.0,Valid rate
122031429,5150,8298,62.1,Valid rate
122031430,4241,5955,71.2,Valid rate
122031432,989,1190,83.1,Valid rate
122031692,2419,2857,84.7,Valid rate
122031693,3496,4851,72.1,Valid rate
122031694,2111,3222,65.5,Valid rate
122031695,3780,7629,49.5,Valid rate
122031696,4522,5301,85.3,Valid rate
122031697,2642,4536,58.2,Valid rate
123011433,3545,4491,78.9,Valid rate
123011698,1414,2064,68.5,Valid rate
123011699,3284,4628,71.0,Valid rate
123011700,2748,3211,85.6,Valid rate
123011701,4631,5855,79.1,Valid rate
123011702,2246,3069,73.2,Valid rate
123021436,3912,6462,60.5,Valid rate
123021437,4040,7832,51.6,Valid rate
123021438,4510,6284,71.8,Valid rate
123021439,0,0,,No reliable rate (fewer than 50 stated-tenure dwellings)
123021441,3872,5716,67.7,Valid rate
123021443,4305,6480,66.4,Valid rate
123021444,4415,6753,65.4,Valid rate
123021703,3061,4253,72.0,Valid rate
123021704,2060,3189,64.6,Valid rate
123021705,3637,5509,66.0,Valid rate
123021706,2547,4565,55.8,Valid rate
123031445,1575,1966,80.1,Valid rate
123031446,2754,3316,83.1,Valid rate
123031447,4786,6501,73.6,Valid rate
123031448,2548,2927,87.1,Valid rate
124011449,2079,2655,78.3,Valid rate
124011450,5675,6729,84.3,Valid rate
124011451,5,5,,No reliable rate (fewer than 50 stated-tenure dwellings)
124011452,4198,6063,69.2,Valid rate
124011453,3734,4418,84.5,Valid rate
124011454,6696,7996,83.7,Valid rate
124011455,2124,2613,81.3,Valid rate
124021456,7,7,,No reliable rate (fewer than 50 stated-tenure dwellings)
124031457,3947,5462,72.3,Valid rate
124031459,3946,4931,80.0,Valid rate
124031460,5122,6667,76.8,Valid rate
124031461,4215,6375,66.1,Valid rate
124031462,4652,8421,55.2,Valid rate
124031463,2817,3547,79.4,Valid rate
124031464,2827,7777,36.4,Valid rate
124031465,1612,1865,86.4,Valid rate
124031707,3953,5426,72.9,Valid rate
124031708,2610,3986,65.5,Valid rate
124041466,3539,5741,61.6,Valid rate
124041467,3344,5470,61.1,Valid rate
124041468,1392,1804,77.2,Valid rate
124051469,1563,1963,79.6,Valid rate
124051470,4849,6257,77.5,Valid rate
124051580,2633,4230,62.2,Valid rate
124051581,2695,6001,44.9,Valid rate
125011475,0,4,,No reliable rate (fewer than 50 stated-tenure dwellings)
125011582,2389,5107,46.8,Valid rate
125011583,1142,3246,35.2,Valid rate
125011584,1387,2232,62.1,Valid rate
125011585,1527,2657,57.5,Valid rate
125011586,3618,6620,54.7,Valid rate
125011587,836,1590,52.6,Valid rate
125011709,1671,2704,61.8,Valid rate
125011710,3605,9355,38.5,Valid rate
125021477,4743,8301,57.1,Valid rate
125021478,3847,6282,61.2,Valid rate
125021711,2721,3779,72.0,Valid rate
125021712,3969,6179,64.2,Valid rate
125031479,3336,5690,58.6,Valid rate
125031480,2370,4500,52.7,Valid rate
125031481,3441,6883,50.0,Valid rate
125031483,2994,6003,49.9,Valid rate
125031484,3837,6819,56.3,Valid rate
125031486,4,11,,No reliable rate (fewer than 50 stated-tenure dwellings)
125031487,0,4,,No reliable rate (fewer than 50 stated-tenure dwellings)
125031713,4117,5204,79.1,Valid rate
125031714,3452,7397,46.7,Valid rate
125031715,2492,3331,74.8,Valid rate
125031716,1370,2229,61.5,Valid rate
125041489,3374,8918,37.8,Valid rate
125041490,2215,2734,81.0,Valid rate
125041491,3447,7655,45.0,Valid rate
125041493,4899,7576,64.7,Valid rate
125041494,3128,3659,85.5,Valid rate
125041588,2482,4363,56.9,Valid rate
125041589,2893,7082,40.9,Valid rate
125041717,1131,4899,23.1,Valid rate
125041718,999,3469,28.8,Valid rate
125041719,922,3353,27.5,Valid rate
126011496,5683,7233,78.6,Valid rate
126011720,3068,5046,60.8,Valid rate
126011721,3741,6399,58.5,Valid rate
126021498,3837,6157,62.3,Valid rate
126021499,2430,3202,75.9,Valid rate
126021500,4265,9602,44.4,Valid rate
126021501,3515,5480,64.1,Valid rate
126021503,4139,8023,51.6,Valid rate
126021590,1120,1343,83.4,Valid rate
126021722,1818,2251,80.8,Valid rate
126021723,3891,6569,59.2,Valid rate
126021724,4432,7611,58.2,Valid rate
126021725,2200,4854,45.3,Valid rate
127011504,2262,5207,43.4,Valid rate
127011505,2410,3510,68.7,Valid rate
127011592,5,10,,No reliable rate (fewer than 50 stated-tenure dwellings)
127011593,1541,1827,84.3,Valid rate
127011594,2462,3500,70.3,Valid rate
127011595,2699,3444,78.4,Valid rate
127011596,2690,3524,76.3,Valid rate
127011597,3494,4480,78.0,Valid rate
127011726,1090,1526,71.4,Valid rate
127011727,3125,4323,72.3,Valid rate
127011728,2770,3740,74.1,Valid rate
127011729,3192,5114,62.4,Valid rate
127021509,3075,4789,64.2,Valid rate
127021510,4043,5637,71.7,Valid rate
127021511,3768,7237,52.1,Valid rate
127021512,3123,5057,61.8,Valid rate
127021513,3553,6203,57.3,Valid rate
127021514,2070,2861,72.4,Valid rate
127021515,2273,5796,39.2,Valid rate
127021516,3321,5771,57.5,Valid rate
127021517,1694,2511,67.5,Valid rate
127021518,954,1173,81.3,Valid rate
127021519,3579,5909,60.6,Valid rate
127021520,2433,3209,75.8,Valid rate
127021521,0,13,,No reliable rate (fewer than 50 stated-tenure dwellings)
127031522,3226,4928,65.5,Valid rate
127031523,4956,6413,77.3,Valid rate
127031524,4486,6325,70.9,Valid rate
127031599,1913,3738,51.2,Valid rate
127031601,650,2326,27.9,Valid rate
127031730,2216,3320,66.7,Valid rate
127031731,1848,6608,28.0,Valid rate
127031732,2026,4226,47.9,Valid rate
127031733,3238,4088,79.2,Valid rate
128011529,5045,6353,79.4,Valid rate
128011530,5094,7824,65.1,Valid rate
128011531,4428,5773,76.7,Valid rate
128011602,3219,5304,60.7,Valid rate
128011603,3809,4361,87.3,Valid rate
128011604,6395,10160,62.9,Valid rate
128011605,929,1002,92.7,Valid rate
128011606,2564,3278,78.2,Valid rate
128021533,1946,2310,84.2,Valid rate
128021534,3041,3290,92.4,Valid rate
128021535,5925,6742,87.9,Valid rate
128021536,6187,7347,84.2,Valid rate
128021537,0,8,,No reliable rate (fewer than 50 stated-tenure dwellings)
128021538,5852,9515,61.5,Valid rate
128021607,5001,5858,85.4,Valid rate
128021608,2193,2443,89.8,Valid rate
128021609,1027,1092,94.0,Valid rate
201011001,4060,5746,70.7,Valid rate
201011002,3251,5065,64.2,Valid rate
201011005,2131,2525,84.4,Valid rate
201011006,2764,3824,72.3,Valid rate
201011007,1325,1391,95.3,Valid rate
201011008,3826,6106,62.7,Valid rate
201011481,2422,4090,59.2,Valid rate
201011482,4229,5844,72.4,Valid rate
201011483,3047,4860,62.7,Valid rate
201011484,3143,5708,55.1,Valid rate
201021009,2019,2390,84.5,Valid rate
201021010,2692,3228,83.4,Valid rate
201021011,3488,4224,82.6,Valid rate
201021012,1970,2213,89.0,Valid rate
201031013,1252,1459,85.8,Valid rate
201031014,1450,1734,83.6,Valid rate
201031015,1602,1742,92.0,Valid rate
201031016,2476,3565,69.5,Valid rate
201031017,1924,2202,87.4,Valid rate
202011018,3378,6222,54.3,Valid rate
202011019,3506,5110,68.6,Valid rate
202011020,3797,5759,65.9,Valid rate
202011021,2362,3838,61.5,Valid rate
202011022,5737,8477,67.7,Valid rate
202011023,1611,1750,92.1,Valid rate
202011024,3056,3515,86.9,Valid rate
202011025,3804,5128,74.2,Valid rate
202021026,2533,2740,92.4,Valid rate
202021027,3699,4723,78.3,Valid rate
202021028,3399,3806,89.3,Valid rate
202021029,1739,2030,85.7,Valid rate
202021030,3190,3965,80.5,Valid rate
202021031,2409,2874,83.8,Valid rate
202031032,1517,1735,87.4,Valid rate
202031033,2349,2854,82.3,Valid rate
203011034,2142,2421,88.5,Valid rate
203011035,2423,2665,90.9,Valid rate
203011036,1959,2317,84.5,Valid rate
203021037,3902,6206,62.9,Valid rate
203021039,3380,5865,57.6,Valid rate
203021040,5669,8854,64.0,Valid rate
203021042,6546,8322,78.7,Valid rate
203021043,5335,6862,77.7,Valid rate
203021044,3986,4974,80.1,Valid rate
203021045,3961,6306,62.8,Valid rate
203021046,2788,4020,69.4,Valid rate
203021047,4276,6270,68.2,Valid rate
203021485,2421,3659,66.2,Valid rate
203021486,3959,6431,61.6,Valid rate
203021487,6458,8994,71.8,Valid rate
203021488,1577,3659,43.1,Valid rate
203031048,5151,6611,77.9,Valid rate
203031049,2219,2782,79.8,Valid rate
203031051,3218,4166,77.2,Valid rate
203031052,2006,2445,82.0,Valid rate
203031053,6589,8522,77.3,Valid rate
203031489,2851,3951,72.2,Valid rate
203031490,5703,7110,80.2,Valid rate
204011054,2387,3003,79.5,Valid rate
204011055,2274,2853,79.7,Valid rate
204011056,4481,5656,79.2,Valid rate
204011057,3269,4133,79.1,Valid rate
204011058,1479,1880,78.7,Valid rate
204011059,1721,2654,64.8,Valid rate
204011060,1129,1500,75.3,Valid rate
204011061,81,88,92.0,Valid rate
204011062,1390,1661,83.7,Valid rate
204021063,3207,4509,71.1,Valid rate
204021064,1263,1458,86.6,Valid rate
204021065,1289,1606,80.3,Valid rate
204021066,5534,7922,69.9,Valid rate
204021067,3207,3711,86.4,Valid rate
204031068,1565,1976,79.2,Valid rate
204031069,2745,3626,75.7,Valid rate
204031070,1074,1225,87.7,Valid rate
204031071,1471,1916,76.8,Valid rate
204031072,1944,2395,81.2,Valid rate
204031073,3767,5719,65.9,Valid rate
204031075,1500,1791,83.8,Valid rate
204031491,3041,4034,75.4,Valid rate
204031492,3703,6388,58.0,Valid rate
205011076,5610,7220,77.7,Valid rate
205011077,2122,2413,87.9,Valid rate
205011078,2576,3166,81.4,Valid rate
205011079,6537,8509,76.8,Valid rate
205021080,0,0,,No reliable rate (fewer than 50 stated-tenure dwellings)
205021081,4357,6218,70.1,Valid rate
205021082,2737,3106,88.1,Valid rate
205021083,0,0,,No reliable rate (fewer than 50 stated-tenure dwellings)
205021084,3566,4606,77.4,Valid rate
205021085,2218,2825,78.5,Valid rate
205021086,2555,3086,82.8,Valid rate
205031087,3328,4027,82.6,Valid rate
205031088,46,55,83.6,Valid rate
205031089,3056,3657,83.6,Valid rate
205031090,3591,4464,80.4,Valid rate
205031091,4299,5705,75.4,Valid rate
205031092,0,11,,No reliable rate (fewer than 50 stated-tenure dwellings)
205031093,8666,11140,77.8,Valid rate
205041094,3605,4407,81.8,Valid rate
205041095,4867,7135,68.2,Valid rate
205041096,3667,5725,64.1,Valid rate
205041098,1516,1682,90.1,Valid rate
205041493,3231,4633,69.7,Valid rate
205041494,4995,6646,75.2,Valid rate
205051099,7,7,,No reliable rate (fewer than 50 stated-tenure dwellings)
205051100,1764,1984,88.9,Valid rate
205051101,4514,5598,80.6,Valid rate
205051102,1151,1441,79.9,Valid rate
205051103,4048,6155,65.8,Valid rate
205051104,1884,2318,81.3,Valid rate
206011106,2732,6042,45.2,Valid rate
206011107,3234,6396,50.6,Valid rate
206011109,2780,3715,74.8,Valid rate
206011495,2934,5605,52.3,Valid rate
206011496,2822,5902,47.8,Valid rate
206011497,3008,5022,59.9,Valid rate
206011498,3598,5129,70.2,Valid rate
206021110,2244,3681,61.0,Valid rate
206021112,4476,7896,56.7,Valid rate
206021499,3699,6025,61.4,Valid rate
206021500,2517,4254,59.2,Valid rate
206031113,3580,5927,60.4,Valid rate
206031115,1574,4095,38.4,Valid rate
206031116,4071,6846,59.5,Valid rate
206031501,4145,6033,68.7,Valid rate
206031502,2933,5191,56.5,Valid rate
206041117,1688,7118,23.7,Valid rate
206041118,2333,7612,30.6,Valid rate
206041119,1114,2463,45.2,Valid rate
206041120,15,23,,No reliable rate (fewer than 50 stated-tenure dwellings)
206041121,2320,4719,49.2,Valid rate
206041124,702,2167,32.4,Valid rate
206041125,1365,3079,44.3,Valid rate
206041127,0,0,,No reliable rate (fewer than 50 stated-tenure dwellings)
206041503,1330,4781,27.8,Valid rate
206041504,1687,8824,19.1,Valid rate
206041505,1690,8082,20.9,Valid rate
206041506,2280,6868,33.2,Valid rate
206041507,0,0,,No reliable rate (fewer than 50 stated-tenure dwellings)
206041508,1184,3375,35.1,Valid rate
206041509,2484,8578,29.0,Valid rate
206041510,1160,3549,32.7,Valid rate
206051128,3901,7191,54.2,Valid rate
206051129,3372,7111,47.4,Valid rate
206051130,4094,7322,55.9,Valid rate
206051134,3532,7456,47.4,Valid rate
206051511,306,791,38.7,Valid rate
206051512,2435,5666,43.0,Valid rate
206051513,2345,6402,36.6,Valid rate
206051514,2740,6869,39.9,Valid rate
206061135,2318,4342,53.4,Valid rate
206061136,4167,9673,43.1,Valid rate
206061138,3674,5560,66.1,Valid rate
206061515,1951,6214,31.4,Valid rate
206061516,1925,5013,38.4,Valid rate
206071139,1889,4413,42.8,Valid rate
206071140,1696,3469,48.9,Valid rate
206071141,1498,4482,33.4,Valid rate
206071142,1762,4548,38.7,Valid rate
206071143,2619,5478,47.8,Valid rate
206071145,2356,3961,59.5,Valid rate
206071517,3924,8011,49.0,Valid rate
206071518,2503,6624,37.8,Valid rate
207011146,1979,2690,73.6,Valid rate
207011147,4291,6070,70.7,Valid rate
207011148,5510,6995,78.8,Valid rate
207011149,5526,7634,72.4,Valid rate
207011150,4590,5943,77.2,Valid rate
207011152,3819,6628,57.6,Valid rate
207011154,1709,2297,74.4,Valid rate
207011155,4501,5757,78.2,Valid rate
207011519,2219,4051,54.8,Valid rate
207011520,2742,5436,50.4,Valid rate
207011521,3097,4239,73.1,Valid rate
207011522,3187,4839,65.9,Valid rate
207021156,3331,4257,78.2,Valid rate
207021157,6405,9835,65.1,Valid rate
207021159,4721,5666,83.3,Valid rate
207021160,4037,5003,80.7,Valid rate
207021424,4274,5316,80.4,Valid rate
207021425,3827,5647,67.8,Valid rate
207031161,6103,8234,74.1,Valid rate
207031162,2935,3987,73.6,Valid rate
207031163,4389,9084,48.3,Valid rate
207031164,4578,6639,69.0,Valid rate
207031165,2468,4440,55.6,Valid rate
207031166,2809,3982,70.5,Valid rate
207031167,2763,3790,72.9,Valid rate
208011168,4291,5006,85.7,Valid rate
208011169,6465,8784,73.6,Valid rate
208011170,4436,5759,77.0,Valid rate
208011171,3355,4681,71.7,Valid rate
208011172,4928,6831,72.1,Valid rate
208011173,5124,6756,75.8,Valid rate
208021174,6282,9199,68.3,Valid rate
208021176,4489,8090,55.5,Valid rate
208021177,4993,8621,57.9,Valid rate
208021178,4721,6719,70.3,Valid rate
208021179,2916,4952,58.9,Valid rate
208021180,1867,2934,63.6,Valid rate
208021181,2353,3721,63.2,Valid rate
208021182,3131,5438,57.6,Valid rate
208021426,4256,5784,73.6,Valid rate
208021427,3893,5140,75.7,Valid rate
208031183,2436,2840,85.8,Valid rate
208031184,12,23,,No reliable rate (fewer than 50 stated-tenure dwellings)
208031185,3673,4822,76.2,Valid rate
208031186,4318,6403,67.4,Valid rate
208031187,1689,1984,85.1,Valid rate
208031188,6848,9719,70.5,Valid rate
208031189,3917,5053,77.5,Valid rate
208031190,3713,5608,66.2,Valid rate
208031191,2339,3355,69.7,Valid rate
208031192,0,0,,No reliable rate (fewer than 50 stated-tenure dwellings)
208031193,6027,8209,73.4,Valid rate
208041194,5468,8287,66.0,Valid rate
208041195,5472,8137,67.2,Valid rate
209011196,2644,3490,75.8,Valid rate
209011197,6113,7616,80.3,Valid rate
209011198,4098,6193,66.2,Valid rate
209011199,3014,5939,50.7,Valid rate
209011200,3273,4885,67.0,Valid rate
209011201,2188,2780,78.7,Valid rate
209011202,5143,6296,81.7,Valid rate
209011203,5217,6742,77.4,Valid rate
209011204,2652,3496,75.9,Valid rate
209021205,2248,3628,62.0,Valid rate
209021428,4678,8562,54.6,Valid rate
209021429,3112,4843,64.3,Valid rate
209021523,3553,5996,59.3,Valid rate
209021524,2693,3447,78.1,Valid rate
209021525,2805,5078,55.2,Valid rate
209021526,3219,5595,57.5,Valid rate
209031209,7046,7998,88.1,Valid rate
209031210,1080,1209,89.3,Valid rate
209031211,1305,1406,92.8,Valid rate
209031212,1533,1678,91.4,Valid rate
209031213,2750,3001,91.6,Valid rate
209031214,2017,2178,92.6,Valid rate
209031215,4250,4731,89.8,Valid rate
209041216,1713,2561,66.9,Valid rate
209041217,1652,2378,69.5,Valid rate
209041220,4600,6024,76.4,Valid rate
209041221,2943,3925,75.0,Valid rate
209041223,4956,7188,68.9,Valid rate
209041224,5721,7117,80.4,Valid rate
209041225,2867,3468,82.7,Valid rate
209041431,2999,4097,73.2,Valid rate
209041432,1803,2813,64.1,Valid rate
209041433,2483,3663,67.8,Valid rate
209041435,3048,3816,79.9,Valid rate
209041436,3065,4125,74.3,Valid rate
209041437,5357,7141,75.0,Valid rate
209041527,4043,5124,78.9,Valid rate
209041528,2640,3460,76.3,Valid rate
209041529,2306,3550,65.0,Valid rate
209041530,3247,4308,75.4,Valid rate
209041531,2621,3830,68.4,Valid rate
209041532,2610,3642,71.7,Valid rate
210011226,2403,3414,70.4,Valid rate
210011227,0,0,,No reliable rate (fewer than 50 stated-tenure dwellings)
210011228,2614,3106,84.2,Valid rate
210011230,2060,2761,74.6,Valid rate
210011231,2809,3427,82.0,Valid rate
210011533,3420,4437,77.1,Valid rate
210011534,4292,5381,79.8,Valid rate
210021232,4005,4725,84.8,Valid rate
210021233,1092,1211,90.2,Valid rate
210021234,1324,1521,87.0,Valid rate
210021235,3250,3709,87.6,Valid rate
210031236,2080,3086,67.4,Valid rate
210031237,3054,4537,67.3,Valid rate
210031439,865,1117,77.4,Valid rate
210031440,1635,2293,71.3,Valid rate
210031535,3238,5328,60.8,Valid rate
210031536,1863,3151,59.1,Valid rate
210031537,1993,3007,66.3,Valid rate
210031538,4294,6740,63.7,Valid rate
210041240,3934,4618,85.2,Valid rate
210041539,1494,1912,78.1,Valid rate
210041540,4161,5697,73.0,Valid rate
210041541,3121,3966,78.7,Valid rate
210051242,2094,4279,48.9,Valid rate
210051243,3225,4790,67.3,Valid rate
210051245,5046,6422,78.6,Valid rate
210051246,5680,6541,86.8,Valid rate
210051247,2779,4142,67.1,Valid rate
210051248,20,30,,No reliable rate (fewer than 50 stated-tenure dwellings)
210051250,1738,2713,64.1,Valid rate
210051441,1821,2556,71.2,Valid rate
210051442,2491,3478,71.6,Valid rate
210051443,4446,6089,73.0,Valid rate
210051445,5139,6686,76.9,Valid rate
210051542,1876,2742,68.4,Valid rate
210051543,2346,3732,62.9,Valid rate
210051544,1988,2629,75.6,Valid rate
210051545,2684,3573,75.1,Valid rate
211011251,3174,4925,64.4,Valid rate
211011254,4321,5799,74.5,Valid rate
211011255,1857,2027,91.6,Valid rate
211011256,4263,5368,79.4,Valid rate
211011257,2135,2591,82.4,Valid rate
211011258,2903,3370,86.1,Valid rate
211011259,3749,4878,76.9,Valid rate
211011260,4619,6302,73.3,Valid rate
211011446,6474,9201,70.4,Valid rate
211011447,4105,5530,74.2,Valid rate
211011448,4428,5458,81.1,Valid rate
211011449,1343,1502,89.4,Valid rate
211021261,4573,5401,84.7,Valid rate
211021262,2941,3208,91.7,Valid rate
211031263,3371,4294,78.5,Valid rate
211031265,5242,6100,85.9,Valid rate
211031266,4364,7382,59.1,Valid rate
211031267,5775,7791,74.1,Valid rate
211031268,2873,3303,87.0,Valid rate
211031450,4478,6557,68.3,Valid rate
211031451,3991,5389,74.1,Valid rate
211031452,1445,1805,80.1,Valid rate
211041269,2899,4049,71.6,Valid rate
211041270,4600,6456,71.3,Valid rate
211041271,3054,4493,68.0,Valid rate
211041272,3018,3778,79.9,Valid rate
211041273,3318,4048,82.0,Valid rate
211051274,3118,3415,91.3,Valid rate
211051275,3404,4051,84.0,Valid rate
211051276,4394,5232,84.0,Valid rate
211051277,2936,3838,76.5,Valid rate
211051278,5741,7266,79.0,Valid rate
211051279,1692,1996,84.8,Valid rate
211051280,2058,2323,88.6,Valid rate
211051281,6320,8044,78.6,Valid rate
211051282,3208,3544,90.5,Valid rate
211051283,2954,3349,88.2,Valid rate
211051284,3091,3507,88.1,Valid rate
211051285,2333,2623,88.9,Valid rate
211051286,5259,6112,86.0,Valid rate
212011289,5468,6002,91.1,Valid rate
212011546,5776,7829,73.8,Valid rate
212011547,2701,3153,85.7,Valid rate
212011548,2831,3444,82.2,Valid rate
212011549,3614,5347,67.6,Valid rate
212011550,1691,2464,68.6,Valid rate
212011551,1324,2536,52.2,Valid rate
212011552,5890,8479,69.5,Valid rate
212021293,6453,8290,77.8,Valid rate
212021295,2181,3937,55.4,Valid rate
212021297,2501,3487,71.7,Valid rate
212021299,2157,2288,94.3,Valid rate
212021453,3090,3841,80.4,Valid rate
212021454,3523,4366,80.7,Valid rate
212021455,3334,4287,77.8,Valid rate
212021456,3189,4938,64.6,Valid rate
212021553,4072,5236,77.8,Valid rate
212021554,2344,3465,67.6,Valid rate
212031300,4591,7106,64.6,Valid rate
212031303,4514,5482,82.3,Valid rate
212031304,5004,6571,76.2,Valid rate
212031306,3840,4862,79.0,Valid rate
212031308,2336,2655,88.0,Valid rate
212031457,3238,3692,87.7,Valid rate
212031458,3678,4675,78.7,Valid rate
212031555,2401,3069,78.2,Valid rate
212031556,3376,4226,79.9,Valid rate
212031557,4754,6773,70.2,Valid rate
212031558,2612,3712,70.4,Valid rate
212031559,2501,3510,71.3,Valid rate
212031560,2760,3704,74.5,Valid rate
212031561,2596,3689,70.4,Valid rate
212031562,2783,4072,68.3,Valid rate
212041309,3090,3989,77.5,Valid rate
212041310,2744,4727,58.0,Valid rate
212041312,5184,7409,70.0,Valid rate
212041313,3288,3739,87.9,Valid rate
212041316,1872,2586,72.4,Valid rate
212041317,3945,7067,55.8,Valid rate
212041318,2670,3753,71.1,Valid rate
212041459,2416,4661,51.8,Valid rate
212041460,3884,6286,61.8,Valid rate
212041563,3074,7239,42.5,Valid rate
212041564,1519,2879,52.8,Valid rate
212041565,3656,4762,76.8,Valid rate
212041566,3564,4317,82.6,Valid rate
212051319,4413,7245,60.9,Valid rate
212051321,5434,7258,74.9,Valid rate
212051322,4633,7114,65.1,Valid rate
212051323,4172,5649,73.9,Valid rate
212051324,5031,6772,74.3,Valid rate
212051325,5138,6763,76.0,Valid rate
212051326,5501,8468,65.0,Valid rate
212051327,5675,7215,78.7,Valid rate
212051567,976,2979,32.8,Valid rate
212051568,1703,4120,41.3,Valid rate
213011328,1622,2859,56.7,Valid rate
213011329,2305,2765,83.4,Valid rate
213011331,1993,2653,75.1,Valid rate
213011332,3575,4458,80.2,Valid rate
213011333,3317,4383,75.7,Valid rate
213011334,3949,6717,58.8,Valid rate
213011335,3388,5381,63.0,Valid rate
213011336,1877,3316,56.6,Valid rate
213011337,2575,3798,67.8,Valid rate
213011338,4258,6104,69.8,Valid rate
213011339,2576,3793,67.9,Valid rate
213011340,4804,5490,87.5,Valid rate
213011569,3919,5734,68.3,Valid rate
213011570,1757,2283,77.0,Valid rate
213021341,3800,5567,68.3,Valid rate
213021342,5072,7052,71.9,Valid rate
213021343,3602,5474,65.8,Valid rate
213021344,4740,6942,68.3,Valid rate
213021345,1298,1627,79.8,Valid rate
213021346,4394,6061,72.5,Valid rate
213031347,3580,6853,52.2,Valid rate
213031348,3063,7326,41.8,Valid rate
213031349,3046,5047,60.4,Valid rate
213031350,2239,3716,60.3,Valid rate
213031351,2615,4549,57.5,Valid rate
213031352,3914,5995,65.3,Valid rate
213041353,6786,8818,77.0,Valid rate
213041358,4849,6626,73.2,Valid rate
213041359,3397,4533,74.9,Valid rate
213041360,4653,5477,85.0,Valid rate
213041461,1436,1713,83.8,Valid rate
213041462,1382,1696,81.5,Valid rate
213041463,4708,6192,76.0,Valid rate
213041571,2198,3046,72.2,Valid rate
213041572,1519,2180,69.7,Valid rate
213041573,836,933,89.6,Valid rate
213041574,2467,3012,81.9,Valid rate
213041575,4189,4904,85.4,Valid rate
213041576,2922,3832,76.3,Valid rate
213041577,1856,2930,63.3,Valid rate
213041578,3127,5209,60.0,Valid rate
213051361,4654,6117,76.1,Valid rate
213051362,4327,6328,68.4,Valid rate
213051363,1950,3728,52.3,Valid rate
213051368,3768,5925,63.6,Valid rate
213051464,3688,5757,64.1,Valid rate
213051466,3692,5513,67.0,Valid rate
213051467,4087,6712,60.9,Valid rate
213051468,5114,7458,68.6,Valid rate
213051579,2214,3077,72.0,Valid rate
213051580,3181,4512,70.5,Valid rate
213051581,1915,2850,67.2,Valid rate
213051582,1931,2777,69.5,Valid rate
213051583,5064,7539,67.2,Valid rate
213051584,1313,1928,68.1,Valid rate
213051585,2129,3118,68.3,Valid rate
213051586,1634,2357,69.3,Valid rate
213051587,1889,2739,69.0,Valid rate
213051588,3259,4978,65.5,Valid rate
213051589,1634,2776,58.9,Valid rate
213051590,3145,4277,73.5,Valid rate
214011370,5817,8227,70.7,Valid rate
214011371,5384,9639,55.9,Valid rate
214011372,4636,7523,61.6,Valid rate
214011373,5363,6764,79.3,Valid rate
214011374,7245,8877,81.6,Valid rate
214011375,4544,7117,63.8,Valid rate
214011376,3637,4397,82.7,Valid rate
214021377,3938,5427,72.6,Valid rate
214021378,2000,2332,85.8,Valid rate
214021379,6725,8943,75.2,Valid rate
214021381,5656,6255,90.4,Valid rate
214021382,5977,7031,85.0,Valid rate
214021383,6697,8425,79.5,Valid rate
214021384,6684,9565,69.9,Valid rate
214021385,5570,6800,81.9,Valid rate
214021591,4292,5648,76.0,Valid rate
214021592,3454,4779,72.3,Valid rate
215011386,2278,3217,70.8,Valid rate
215011387,1002,1224,81.9,Valid rate
215011388,4830,6952,69.5,Valid rate
215011389,1089,1271,85.7,Valid rate
215011390,2297,2896,79.3,Valid rate
215011391,1180,1463,80.7,Valid rate
215011392,2584,3470,74.5,Valid rate
215011393,869,1128,77.0,Valid rate
215011394,2151,2691,79.9,Valid rate
215021395,2145,2618,81.9,Valid rate
215021396,1391,1710,81.3,Valid rate
215021398,1076,1460,73.7,Valid rate
215021399,1621,2179,74.4,Valid rate
215021469,3903,7128,54.8,Valid rate
215021470,3992,6128,65.1,Valid rate
215031400,2030,2537,80.0,Valid rate
215031401,2156,2678,80.5,Valid rate
215031402,1207,1627,74.2,Valid rate
215031403,581,1059,54.9,Valid rate
215031404,2857,4340,65.8,Valid rate
215031405,1782,2317,76.9,Valid rate
216011406,4282,6131,69.8,Valid rate
216011407,3200,4248,75.3,Valid rate
216011408,1130,1381,81.8,Valid rate
216011409,1234,1558,79.2,Valid rate
216011410,1386,1679,82.5,Valid rate
216021411,1797,2601,69.1,Valid rate
216021412,868,1041,83.4,Valid rate
216021413,3719,4735,78.5,Valid rate
216021414,2599,3478,74.7,Valid rate
216031415,2161,3244,66.6,Valid rate
216031416,4573,7241,63.2,Valid rate
216031418,1138,1346,84.5,Valid rate
216031419,2923,3735,78.3,Valid rate
216031593,2530,2974,85.1,Valid rate
216031594,3500,5904,59.3,Valid rate
217011420,2996,3597,83.3,Valid rate
217011421,3195,4325,73.9,Valid rate
217011422,3365,4595,73.2,Valid rate
217011423,2004,2541,78.9,Valid rate
217031471,1135,1441,78.8,Valid rate
217031472,3662,5079,72.1,Valid rate
217031473,1782,2130,83.7,Valid rate
217031474,1661,2163,76.8,Valid rate
217031475,2001,2662,75.2,Valid rate
217031476,1331,1756,75.8,Valid rate
217041477,1942,2524,76.9,Valid rate
217041478,3051,3787,80.6,Valid rate
217041479,6205,8657,71.7,Valid rate
217041480,3601,5446,66.1,Valid rate
301011001,4482,5842,76.7,Valid rate
301011002,2017,2385,84.6,Valid rate
301011003,4244,5406,78.5,Valid rate
301011004,4944,6774,73.0,Valid rate
301011005,1133,1614,70.2,Valid rate
301011006,3287,4171,78.8,Valid rate
301021007,4426,6540,67.7,Valid rate
301021008,1802,2377,75.8,Valid rate
301021009,4556,5981,76.2,Valid rate
301021011,2299,2595,88.6,Valid rate
301021012,4574,6377,71.7,Valid rate
301021013,4066,5712,71.2,Valid rate
301021550,662,996,66.5,Valid rate
301021551,3073,4086,75.2,Valid rate
301031014,3,13,,No reliable rate (fewer than 50 stated-tenure dwellings)
301031015,2129,3013,70.7,Valid rate
301031016,3198,4264,75.0,Valid rate
301031017,1133,1773,63.9,Valid rate
301031018,2455,3340,73.5,Valid rate
301031019,2329,2974,78.3,Valid rate
301031020,3624,5647,64.2,Valid rate
301031021,3786,5738,66.0,Valid rate
302011022,1980,2677,74.0,Valid rate
302011023,2866,3436,83.4,Valid rate
302011024,2385,3558,67.0,Valid rate
302011025,2421,4094,59.1,Valid rate
302011026,2085,2739,76.1,Valid rate
302021027,3520,5017,70.2,Valid rate
302021028,1709,5345,32.0,Valid rate
302021029,1740,2359,73.8,Valid rate
302021030,1180,1616,73.0,Valid rate
302021031,3274,5839,56.1,Valid rate
302021032,1436,2877,49.9,Valid rate
302021033,1758,2592,67.8,Valid rate
302021034,2684,3714,72.3,Valid rate
302031035,2418,3500,69.1,Valid rate
302031036,3,19,,No reliable rate (fewer than 50 stated-tenure dwellings)
302031037,419,1062,39.5,Valid rate
302031038,1687,2706,62.3,Valid rate
302031039,2662,3834,69.4,Valid rate
302031040,2738,6325,43.3,Valid rate
302041041,4467,6032,74.1,Valid rate
302041042,2793,3557,78.5,Valid rate
302041043,1028,1509,68.1,Valid rate
302041044,1716,2516,68.2,Valid rate
302041045,3295,5519,59.7,Valid rate
302041046,1731,3822,45.3,Valid rate
303011047,2976,4247,70.1,Valid rate
303011048,1591,2668,59.6,Valid rate
303011049,3013,4640,64.9,Valid rate
303011050,1598,2774,57.6,Valid rate
303011051,4713,5670,83.1,Valid rate
303021052,2254,5077,44.4,Valid rate
303021053,3951,7493,52.7,Valid rate
303021054,939,1991,47.2,Valid rate
303021055,2044,4657,43.9,Valid rate
303021056,1981,3146,63.0,Valid rate
303021057,1587,2461,64.5,Valid rate
303021058,907,3359,27.0,Valid rate
303021059,2352,4194,56.1,Valid rate
303031060,3235,5077,63.7,Valid rate
303031061,1168,1877,62.2,Valid rate
303031062,2081,2912,71.5,Valid rate
303031063,3586,5982,59.9,Valid rate
303031064,2665,3346,79.6,Valid rate
303031065,2127,4086,52.1,Valid rate
303031066,2698,3760,71.8,Valid rate
303041067,1036,2076,49.9,Valid rate
303041068,2570,4447,57.8,Valid rate
303041069,943,1608,58.6,Valid rate
303041070,1819,2619,69.5,Valid rate
303041071,2921,3701,78.9,Valid rate
303051072,2087,3044,68.6,Valid rate
303051073,4935,7180,68.7,Valid rate
303051074,2236,3079,72.6,Valid rate
303051075,3702,4801,77.1,Valid rate
303051076,1713,3469,49.4,Valid rate
303061077,1915,2630,72.8,Valid rate
303061078,2837,4698,60.4,Valid rate
303061079,1655,2879,57.5,Valid rate
303061080,3835,5673,67.6,Valid rate
304011081,2183,2646,82.5,Valid rate
304011082,1967,2495,78.8,Valid rate
304011083,1115,1508,73.9,Valid rate
304011084,2639,3288,80.3,Valid rate
304011085,1298,1475,88.0,Valid rate
304021086,2970,3510,84.6,Valid rate
304021087,1932,2206,87.6,Valid rate
304021088,3048,3598,84.7,Valid rate
304021089,1162,1349,86.1,Valid rate
304021090,2696,3284,82.1,Valid rate
304021091,1549,1716,90.3,Valid rate
304031092,2042,2562,79.7,Valid rate
304031093,1338,1968,68.0,Valid rate
304031094,2747,5106,53.8,Valid rate
304031095,1639,2643,62.0,Valid rate
304031096,1774,3951,44.9,Valid rate
304031097,1927,3914,49.2,Valid rate
304041098,1662,3495,47.6,Valid rate
304041099,10,15,,No reliable rate (fewer than 50 stated-tenure dwellings)
304041100,1681,2840,59.2,Valid rate
304041101,2036,3309,61.5,Valid rate
304041102,0,0,,No reliable rate (fewer than 50 stated-tenure dwellings)
304041103,4896,5819,84.1,Valid rate
304041104,2844,3795,74.9,Valid rate
305011105,1919,5978,32.1,Valid rate
305011106,994,5113,19.4,Valid rate
305011107,1223,2524,48.5,Valid rate
305011108,1723,4725,36.5,Valid rate
305011109,2560,5765,44.4,Valid rate
305011110,1628,5923,27.5,Valid rate
305011111,834,2893,28.8,Valid rate
305011112,2572,6533,39.4,Valid rate
305021113,1100,1716,64.1,Valid rate
305021114,1805,2892,62.4,Valid rate
305021115,1078,2550,42.3,Valid rate
305021116,1193,1909,62.5,Valid rate
305021117,3058,5636,54.3,Valid rate
305021118,1651,2529,65.3,Valid rate
305031119,715,1950,36.7,Valid rate
305031120,1542,2610,59.1,Valid rate
305031121,1332,2406,55.4,Valid rate
305031122,2582,4694,55.0,Valid rate
305031123,1155,1584,72.9,Valid rate
305031124,1472,3095,47.6,Valid rate
305031125,1336,1776,75.2,Valid rate
305031126,1382,3943,35.0,Valid rate
305031127,1006,1908,52.7,Valid rate
305031128,2764,9466,29.2,Valid rate
305031129,949,1452,65.4,Valid rate
305031130,1453,3330,43.6,Valid rate
305031131,2088,4574,45.6,Valid rate
305041132,3405,4741,71.8,Valid rate
305041133,1225,2383,51.4,Valid rate
305041134,2695,3485,77.3,Valid rate
305041135,2398,5006,47.9,Valid rate
305041136,1227,2352,52.2,Valid rate
305041137,2351,5352,43.9,Valid rate
306011138,1533,1951,78.6,Valid rate
306011139,3347,4764,70.3,Valid rate
306011140,1048,1488,70.4,Valid rate
306011141,3610,4652,77.6,Valid rate
306011142,4075,6128,66.5,Valid rate
306011143,1565,2660,58.8,Valid rate
306021144,1688,2599,64.9,Valid rate
306021145,1616,4382,36.9,Valid rate
306021146,2294,3293,69.7,Valid rate
306021147,2394,3606,66.4,Valid rate
306021148,2524,3270,77.2,Valid rate
306021149,2436,3487,69.9,Valid rate
306021150,0,0,,No reliable rate (fewer than 50 stated-tenure dwellings)
306021151,915,2401,38.1,Valid rate
306021152,930,2173,42.8,Valid rate
306021153,2184,3009,72.6,Valid rate
306021154,977,2626,37.2,Valid rate
306021155,989,1658,59.7,Valid rate
306021156,2170,3317,65.4,Valid rate
306021157,912,1929,47.3,Valid rate
306031158,1324,1744,75.9,Valid rate
306031159,1975,3556,55.5,Valid rate
306031160,2434,3157,77.1,Valid rate
306031161,3245,4734,68.5,Valid rate
306031162,0,4,,No reliable rate (fewer than 50 stated-tenure dwellings)
306031163,59,474,12.4,Valid rate
306041164,1894,2709,69.9,Valid rate
306041165,1556,2564,60.7,Valid rate
306051166,3161,4683,67.5,Valid rate
306051167,1640,2167,75.7,Valid rate
306051168,1359,1760,77.2,Valid rate
306051169,2751,3593,76.6,Valid rate
306051170,2923,4389,66.6,Valid rate
307011171,997,1743,57.2,Valid rate
307011172,1734,3047,56.9,Valid rate
307011173,1396,2266,61.6,Valid rate
307011174,1017,1576,64.5,Valid rate
307011175,847,1591,53.2,Valid rate
307011176,1334,2615,51.0,Valid rate
307011177,1554,2232,69.6,Valid rate
307011178,997,1425,70.0,Valid rate
307021179,2675,3446,77.6,Valid rate
307021180,1751,2640,66.3,Valid rate
307021181,792,1192,66.4,Valid rate
307021182,1410,1968,71.6,Valid rate
307021183,3956,6171,64.1,Valid rate
307031184,1480,1868,79.2,Valid rate
307031185,1340,1646,81.4,Valid rate
307031186,1535,1892,81.1,Valid rate
307031187,1475,2201,67.0,Valid rate
307031188,1800,2260,79.6,Valid rate
307031189,3926,6056,64.8,Valid rate
308011190,826,2428,34.0,Valid rate
308011191,1822,2985,61.0,Valid rate
308011192,2591,4926,52.6,Valid rate
308031205,1537,2745,56.0,Valid rate
308031206,569,669,85.1,Valid rate
308031207,1771,2481,71.4,Valid rate
308031208,2479,3384,73.3,Valid rate
308031209,1321,1413,93.5,Valid rate
308031210,2503,4166,60.1,Valid rate
308031211,1137,1789,63.6,Valid rate
308031212,863,1147,75.2,Valid rate
308031213,2707,3849,70.3,Valid rate
308031214,1295,2030,63.8,Valid rate
308031215,1645,2585,63.6,Valid rate
308031216,1553,2384,65.1,Valid rate
308031217,691,1320,52.3,Valid rate
308031218,1099,1237,88.8,Valid rate
308031219,1279,1530,83.6,Valid rate
308031220,831,998,83.3,Valid rate
308031221,9,9,,No reliable rate (fewer than 50 stated-tenure dwellings)
308031222,1787,2939,60.8,Valid rate
308031223,5358,7689,69.7,Valid rate
308041528,2041,3175,64.3,Valid rate
308041529,1170,2042,57.3,Valid rate
308051530,2351,3024,77.7,Valid rate
308051531,2547,3762,67.7,Valid rate
308051532,22,35,,No reliable rate (fewer than 50 stated-tenure dwellings)
308051533,2921,4981,58.6,Valid rate
308051534,1183,2748,43.0,Valid rate
308051535,2940,3756,78.3,Valid rate
308051536,917,1297,70.7,Valid rate
308051537,0,0,,No reliable rate (fewer than 50 stated-tenure dwellings)
308051538,1408,2212,63.7,Valid rate
308051539,1114,2089,53.3,Valid rate
309011224,2270,2989,75.9,Valid rate
309011225,2447,3894,62.8,Valid rate
309011226,4161,5293,78.6,Valid rate
309011227,3187,6377,50.0,Valid rate
309011228,3453,5003,69.0,Valid rate
309011229,1821,3096,58.8,Valid rate
309021230,1765,3117,56.6,Valid rate
309021231,3157,4846,65.1,Valid rate
309021232,2670,3493,76.4,Valid rate
309021233,3549,4349,81.6,Valid rate
309021234,4173,6761,61.7,Valid rate
309031235,2783,3924,70.9,Valid rate
309031236,2166,4247,51.0,Valid rate
309031237,3170,4535,69.9,Valid rate
309031238,4163,8058,51.7,Valid rate
309031239,3012,4048,74.4,Valid rate
309031240,2850,3961,72.0,Valid rate
309041241,1282,1520,84.3,Valid rate
309041242,4606,5446,84.6,Valid rate
309051243,1959,2254,86.9,Valid rate
309051244,4971,6259,79.4,Valid rate
309051245,2230,2767,80.6,Valid rate
309061246,3655,5141,71.1,Valid rate
309061247,2403,2940,81.7,Valid rate
309061248,5162,7682,67.2,Valid rate
309061249,3879,5644,68.7,Valid rate
309061250,2225,2517,88.4,Valid rate
309071251,2775,6169,45.0,Valid rate
309071252,4931,6328,77.9,Valid rate
309071253,4012,5685,70.6,Valid rate
309071254,1308,1643,79.6,Valid rate
309071256,4513,5821,77.5,Valid rate
309071552,2028,3356,60.4,Valid rate
309071553,2892,3620,79.9,Valid rate
309071554,1819,3164,57.5,Valid rate
309071555,909,3063,29.7,Valid rate
309071556,2679,3425,78.2,Valid rate
309071557,3725,6230,59.8,Valid rate
309071558,1028,2208,46.6,Valid rate
309081259,1211,1606,75.4,Valid rate
309081260,1639,2553,64.2,Valid rate
309081262,3440,6232,55.2,Valid rate
309081559,4070,5782,70.4,Valid rate
309081560,1988,3538,56.2,Valid rate
309091263,3154,4449,70.9,Valid rate
309091264,1318,2077,63.5,Valid rate
309091265,1907,2753,69.3,Valid rate
309091540,2322,7858,29.5,Valid rate
309091541,3749,7568,49.5,Valid rate
309101267,2603,3420,76.1,Valid rate
309101268,1282,1775,72.2,Valid rate
309101269,1333,1978,67.4,Valid rate
309101561,2632,5626,46.8,Valid rate
309101562,2765,5977,46.3,Valid rate
310011271,931,1622,57.4,Valid rate
310011272,1594,2902,54.9,Valid rate
310011274,2405,6222,38.7,Valid rate
310011275,2041,3016,67.7,Valid rate
310011276,356,866,41.1,Valid rate
310011563,1502,2640,56.9,Valid rate
310011564,5107,7631,66.9,Valid rate
310021277,3699,4591,80.6,Valid rate
310021278,1650,2118,77.9,Valid rate
310021279,0,0,,No reliable rate (fewer than 50 stated-tenure dwellings)
310021280,5630,7236,77.8,Valid rate
310021281,3703,4863,76.1,Valid rate
310021282,3174,4423,71.8,Valid rate
310031283,2318,4474,51.8,Valid rate
310031284,2027,3491,58.1,Valid rate
310031285,1566,2377,65.9,Valid rate
310031286,1428,2491,57.3,Valid rate
310031287,4206,7149,58.8,Valid rate
310031288,1267,1522,83.2,Valid rate
310031289,1860,2152,86.4,Valid rate
310031290,1822,2042,89.2,Valid rate
310031291,1330,3004,44.3,Valid rate
310031292,1764,2509,70.3,Valid rate
310031293,3336,5403,61.7,Valid rate
310031294,2550,4309,59.2,Valid rate
310031295,469,979,47.9,Valid rate
310041297,2374,3157,75.2,Valid rate
310041298,0,8,,No reliable rate (fewer than 50 stated-tenure dwellings)
310041299,2212,3740,59.1,Valid rate
310041300,1663,3432,48.5,Valid rate
310041301,0,0,,No reliable rate (fewer than 50 stated-tenure dwellings)
310041302,2993,7382,40.5,Valid rate
310041303,1516,2303,65.8,Valid rate
310041304,4165,7366,56.5,Valid rate
310041565,1856,2739,67.8,Valid rate
310041566,1650,3005,54.9,Valid rate
311011305,3418,5373,63.6,Valid rate
311021306,1444,3216,44.9,Valid rate
311021307,2636,5050,52.2,Valid rate
311021308,1843,3199,57.6,Valid rate
311021309,1616,2111,76.6,Valid rate
311021310,2052,2967,69.2,Valid rate
311031311,3527,6428,54.9,Valid rate
311031312,1333,2547,52.3,Valid rate
311031313,1550,2723,56.9,Valid rate
311031314,1911,3537,54.0,Valid rate
311031315,0,0,,No reliable rate (fewer than 50 stated-tenure dwellings)
311031316,2007,2924,68.6,Valid rate
311031317,1973,4410,44.7,Valid rate
311031318,1207,1355,89.1,Valid rate
311031319,3804,5023,75.7,Valid rate
311041322,2281,2599,87.8,Valid rate
311041567,1508,1802,83.7,Valid rate
311041568,2544,2896,87.8,Valid rate
311041569,1903,2318,82.1,Valid rate
311041570,4712,5371,87.7,Valid rate
311041571,1292,3210,40.2,Valid rate
311051323,2621,4319,60.7,Valid rate
311051324,2530,2966,85.3,Valid rate
311051325,2761,3847,71.8,Valid rate
311051326,1562,3714,42.1,Valid rate
311051327,3240,4063,79.7,Valid rate
311051328,1481,2586,57.3,Valid rate
311061329,1814,2371,76.5,Valid rate
311061330,1452,3115,46.6,Valid rate
311061331,699,1938,36.1,Valid rate
311061332,4068,5332,76.3,Valid rate
311061333,1898,3451,55.0,Valid rate
311061334,2408,3579,67.3,Valid rate
311061335,1514,2120,71.4,Valid rate
311061336,1536,4147,37.0,Valid rate
312011337,2390,4023,59.4,Valid rate
312011338,1118,2866,39.0,Valid rate
312011339,815,1457,55.9,Valid rate
312011340,907,1421,63.8,Valid rate
312011341,736,2798,26.3,Valid rate
312021342,3786,5674,66.7,Valid rate
312021343,850,1415,60.1,Valid rate
312021344,2807,4401,63.8,Valid rate
312021345,4,4,,No reliable rate (fewer than 50 stated-tenure dwellings)
312021346,502,1612,31.1,Valid rate
312021347,177,294,60.2,Valid rate
312021348,2990,3958,75.5,Valid rate
312021349,1476,2581,57.2,Valid rate
312021350,1425,1987,71.7,Valid rate
312021351,2199,2792,78.8,Valid rate
312021352,3114,4131,75.4,Valid rate
312021353,2520,3010,83.7,Valid rate
312021354,1432,2067,69.3,Valid rate
312021355,856,1270,67.4,Valid rate
312021356,1657,2760,60.0,Valid rate
312021357,2239,2794,80.1,Valid rate
312021358,1511,2378,63.5,Valid rate
312031359,3073,5265,58.4,Valid rate
312031360,0,0,,No reliable rate (fewer than 50 stated-tenure dwellings)
312031361,2544,3351,75.9,Valid rate
313011362,5024,6632,75.8,Valid rate
313011363,7084,9540,74.3,Valid rate
313021364,1642,2013,81.6,Valid rate
313021366,4231,8175,51.8,Valid rate
313021367,1153,1284,89.8,Valid rate
313021368,2085,3812,54.7,Valid rate
313021369,1101,1289,85.4,Valid rate
313021572,3026,6080,49.8,Valid rate
313021573,2744,4248,64.6,Valid rate
313031370,1575,2054,76.7,Valid rate
313031371,2187,2639,82.9,Valid rate
313041372,3859,5672,68.0,Valid rate
313041373,5184,8368,62.0,Valid rate
313041374,1416,1904,74.4,Valid rate
313041375,4840,6421,75.4,Valid rate
313041376,933,1021,91.4,Valid rate
313051377,2170,3357,64.6,Valid rate
313051378,3080,5334,57.7,Valid rate
313051379,2610,4782,54.6,Valid rate
313051380,3818,6457,59.1,Valid rate
313051574,38,79,48.1,Valid rate
313051575,4268,6184,69.0,Valid rate
314011382,4625,5724,80.8,Valid rate
314011383,4832,6331,76.3,Valid rate
314011384,2628,2920,90.0,Valid rate
314011385,2205,2469,89.3,Valid rate
314011386,6843,8573,79.8,Valid rate
314011387,3639,3994,91.1,Valid rate
314021389,4567,8028,56.9,Valid rate
314021576,716,1907,37.5,Valid rate
314021577,4437,8030,55.3,Valid rate
314021578,2460,4718,52.1,Valid rate
314021579,4532,7614,59.5,Valid rate
314031391,2457,3468,70.8,Valid rate
314031392,1594,2684,59.4,Valid rate
314031393,2169,3130,69.3,Valid rate
314031394,3201,5152,62.1,Valid rate
315011395,0,230,0.0,Valid rate
315011396,1433,3046,47.0,Valid rate
315011397,495,743,66.6,Valid rate
315011398,18,409,4.4,Valid rate
315011399,99,809,12.2,Valid rate
315011400,1404,1929,72.8,Valid rate
315011401,193,1060,18.2,Valid rate
315011402,65,1043,6.2,Valid rate
315011403,471,1370,34.4,Valid rate
315021404,909,2075,43.8,Valid rate
315021405,3185,6569,48.5,Valid rate
315021406,866,1590,54.5,Valid rate
315021407,817,1302,62.7,Valid rate
315031408,1468,2204,66.6,Valid rate
315031409,1080,1674,64.5,Valid rate
315031410,640,1104,58.0,Valid rate
315031411,803,1352,59.4,Valid rate
315031412,952,1630,58.4,Valid rate
316011413,5347,7014,76.2,Valid rate
316011414,4470,6267,71.3,Valid rate
316011415,2549,4071,62.6,Valid rate
316011416,1988,3790,52.5,Valid rate
316021417,2885,3745,77.0,Valid rate
316021418,1914,2671,71.7,Valid rate
316021419,1824,3435,53.1,Valid rate
316021421,4097,5375,76.2,Valid rate
316021422,2190,3250,67.4,Valid rate
316021423,2726,3975,68.6,Valid rate
316021424,2219,3998,55.5,Valid rate
316021580,3523,5350,65.9,Valid rate
316021581,3462,5163,67.1,Valid rate
316031425,4350,6310,68.9,Valid rate
316031426,3321,4795,69.3,Valid rate
316031427,5801,10168,57.1,Valid rate
316031428,3201,5519,58.0,Valid rate
316051434,1570,2155,72.9,Valid rate
316051435,2973,4244,70.1,Valid rate
316051437,1968,2816,69.9,Valid rate
316051438,3013,4236,71.1,Valid rate
316051543,1170,1642,71.3,Valid rate
316051544,2202,3622,60.8,Valid rate
316061439,2385,3224,74.0,Valid rate
316061440,2974,3671,81.0,Valid rate
316061441,1875,2256,83.1,Valid rate
316061442,4097,5201,78.8,Valid rate
316061443,2161,2590,83.4,Valid rate
316061444,3141,3966,79.2,Valid rate
316071545,2993,3836,78.0,Valid rate
316071546,1289,1593,80.9,Valid rate
316071547,3437,4214,81.6,Valid rate
316071548,5600,8394,66.7,Valid rate
316081549,7395,8685,85.1,Valid rate
317011445,2016,2630,76.7,Valid rate
317011446,2826,5336,53.0,Valid rate
317011447,2341,4379,53.5,Valid rate
317011448,1513,2725,55.5,Valid rate
317011449,2023,2281,88.7,Valid rate
317011450,4123,4906,84.0,Valid rate
317011451,3353,4006,83.7,Valid rate
317011452,2054,2601,79.0,Valid rate
317011453,2130,4193,50.8,Valid rate
317011454,1320,2455,53.8,Valid rate
317011455,2414,3392,71.2,Valid rate
317011456,3064,5806,52.8,Valid rate
317011457,2602,4090,63.6,Valid rate
317011458,3689,5496,67.1,Valid rate
317011459,3457,5811,59.5,Valid rate
318011460,2325,3470,67.0,Valid rate
318011461,2308,3010,76.7,Valid rate
318011462,1859,3006,61.8,Valid rate
318011463,1143,1431,79.9,Valid rate
318011464,1187,1856,64.0,Valid rate
318011465,2203,2813,78.3,Valid rate
318011466,7,484,1.4,Valid rate
318021467,988,1835,53.8,Valid rate
318021468,2081,2807,74.1,Valid rate
318021469,866,1346,64.3,Valid rate
318021470,2056,2911,70.6,Valid rate
318021471,2133,3854,55.3,Valid rate
318021472,1427,2200,64.9,Valid rate
318021474,1180,2497,47.3,Valid rate
318021475,1262,2832,44.6,Valid rate
318021476,1797,2893,62.1,Valid rate
318021477,931,1493,62.4,Valid rate
318021478,1105,2356,46.9,Valid rate
318021479,965,2039,47.3,Valid rate
318021480,2301,3450,66.7,Valid rate
318021481,1694,2767,61.2,Valid rate
318021482,3500,5283,66.3,Valid rate
318021483,816,1206,67.7,Valid rate
318021484,2255,3528,63.9,Valid rate
318021485,860,1390,61.9,Valid rate
318021486,2181,2649,82.3,Valid rate
318021487,1496,2725,54.9,Valid rate
318021488,1185,2233,53.1,Valid rate
318021489,1523,1702,89.5,Valid rate
318021490,1856,4180,44.4,Valid rate
318021491,1352,1949,69.4,Valid rate
318021582,3940,6272,62.8,Valid rate
318021583,1422,2082,68.3,Valid rate
319011492,1394,2055,67.8,Valid rate
319011493,5844,7905,73.9,Valid rate
319011494,1462,1824,80.2,Valid rate
319011495,961,2593,37.1,Valid rate
319011496,1455,2217,65.6,Valid rate
319011497,2081,2973,70.0,Valid rate
319011498,2788,3420,81.5,Valid rate
319011499,3379,4320,78.2,Valid rate
319011500,1978,3007,65.8,Valid rate
319011501,1473,2349,62.7,Valid rate
319011502,2799,4323,64.7,Valid rate
319021503,1715,2494,68.8,Valid rate
319021504,1696,2084,81.4,Valid rate
319021505,2457,4003,61.4,Valid rate
319021506,2387,3563,67.0,Valid rate
319021507,1184,1493,79.3,Valid rate
319021508,1090,1536,71.0,Valid rate
319021509,3116,4012,77.7,Valid rate
319021510,3,3,,No reliable rate (fewer than 50 stated-tenure dwellings)
319031511,2350,3174,74.0,Valid rate
319031512,3734,5816,64.2,Valid rate
319031513,2061,2893,71.2,Valid rate
319031514,6271,7306,85.8,Valid rate
319031515,1168,1477,79.1,Valid rate
319041516,1766,2040,86.6,Valid rate
319041517,1747,1944,89.9,Valid rate
319041518,4332,6454,67.1,Valid rate
319041519,1700,2318,73.3,Valid rate
319041520,4341,6932,62.6,Valid rate
319041521,4322,6079,71.1,Valid rate
319051522,3558,4521,78.7,Valid rate
319051523,854,1182,72.3,Valid rate
319051524,4812,7251,66.4,Valid rate
319051525,3295,3790,86.9,Valid rate
319051526,1828,2227,82.1,Valid rate
401011001,2736,8395,32.6,Valid rate
401011002,1459,2900,50.3,Valid rate
401021003,2191,2441,89.8,Valid rate
401021004,5821,6515,89.3,Valid rate
401021005,1388,1690,82.1,Valid rate
401021006,2783,3404,81.8,Valid rate
401021007,5818,8293,70.2,Valid rate
401021008,2173,2453,88.6,Valid rate
401021009,1509,1938,77.9,Valid rate
401021010,1763,2111,83.5,Valid rate
401031011,5646,7320,77.1,Valid rate
401031012,2977,3618,82.3,Valid rate
401031013,4593,6759,68.0,Valid rate
401041014,3019,3515,85.9,Valid rate
401041015,5559,8509,65.3,Valid rate
401041016,6351,9256,68.6,Valid rate
401051017,2464,4975,49.5,Valid rate
401051018,3287,5453,60.3,Valid rate
401051019,3583,5546,64.6,Valid rate
401061020,1629,2596,62.8,Valid rate
401061021,3835,6028,63.6,Valid rate
401061022,2211,3210,68.9,Valid rate
401071023,4774,7217,66.1,Valid rate
401071024,5390,8321,64.8,Valid rate
402011025,2797,3389,82.5,Valid rate
402011026,5954,8628,69.0,Valid rate
402011027,1954,2175,89.8,Valid rate
402021028,5068,6879,73.7,Valid rate
402021029,3345,6196,54.0,Valid rate
402021030,1655,4079,40.6,Valid rate
402021031,3227,5005,64.5,Valid rate
402021032,3576,5480,65.3,Valid rate
402021033,758,796,95.2,Valid rate
402021034,2364,4713,50.2,Valid rate
402021035,1715,2042,84.0,Valid rate
402031036,5008,9299,53.9,Valid rate
402031038,5276,8699,60.7,Valid rate
402031175,4186,6452,64.9,Valid rate
402031176,2747,3877,70.9,Valid rate
402041039,0,0,,No reliable rate (fewer than 50 stated-tenure dwellings)
402041040,4133,5845,70.7,Valid rate
402041041,4257,5550,76.7,Valid rate
402041042,0,0,,No reliable rate (fewer than 50 stated-tenure dwellings)
402041043,4162,6062,68.7,Valid rate
402041044,4446,6007,74.0,Valid rate
402041046,4087,6789,60.2,Valid rate
402041047,5225,6850,76.3,Valid rate
402041048,3937,6183,63.7,Valid rate
402041171,3020,5044,59.9,Valid rate
402041172,2052,3012,68.1,Valid rate
402051049,2973,3925,75.7,Valid rate
402051050,2631,3342,78.7,Valid rate
402051051,3399,4017,84.6,Valid rate
402051052,4514,6915,65.3,Valid rate
402051053,5911,7317,80.8,Valid rate
402051054,5308,6081,87.3,Valid rate
402051055,4124,5173,79.7,Valid rate
403011056,4409,6142,71.8,Valid rate
403011057,5734,9249,62.0,Valid rate
403021058,3631,6181,58.7,Valid rate
403021059,4032,4729,85.3,Valid rate
403021060,3076,3669,83.8,Valid rate
403021061,3889,6826,57.0,Valid rate
403021062,4367,6842,63.8,Valid rate
403021063,3104,3583,86.6,Valid rate
403021064,4256,6835,62.3,Valid rate
403031065,1502,1768,85.0,Valid rate
403031066,2015,2623,76.8,Valid rate
403031067,4246,4782,88.8,Valid rate
403031068,4412,5901,74.8,Valid rate
403031069,4898,6169,79.4,Valid rate
403031070,2353,3381,69.6,Valid rate
403041071,3621,4358,83.1,Valid rate
403041072,4450,6107,72.9,Valid rate
403041073,2138,3828,55.9,Valid rate
403041074,2891,4675,61.8,Valid rate
403041075,869,946,91.9,Valid rate
403041076,1425,1543,92.4,Valid rate
403041077,3359,3842,87.4,Valid rate
403041078,2097,2595,80.8,Valid rate
403041079,1913,3066,62.4,Valid rate
403041080,4426,5409,81.8,Valid rate
403041081,0,0,,No reliable rate (fewer than 50 stated-tenure dwellings)
403041082,0,10,,No reliable rate (fewer than 50 stated-tenure dwellings)
403041083,2215,2781,79.6,Valid rate
403041084,4031,5632,71.6,Valid rate
403041085,2839,4199,67.6,Valid rate
403041086,3258,4179,78.0,Valid rate
403041088,1139,1325,86.0,Valid rate
403041089,3437,4339,79.2,Valid rate
403041177,3705,5401,68.6,Valid rate
403041178,3053,4024,75.9,Valid rate
404011090,2298,3469,66.2,Valid rate
404011091,4359,6385,68.3,Valid rate
404011092,4451,6191,71.9,Valid rate
404011093,4462,7934,56.2,Valid rate
404011094,1796,2660,67.5,Valid rate
404011095,4702,7185,65.4,Valid rate
404011096,4680,6336,73.9,Valid rate
404011097,4530,7344,61.7,Valid rate
404021098,0,0,,No reliable rate (fewer than 50 stated-tenure dwellings)
404021099,4400,6356,69.2,Valid rate
404021100,4291,6077,70.6,Valid rate
404021101,3035,4863,62.4,Valid rate
404021102,3768,6985,53.9,Valid rate
404021103,5,5,,No reliable rate (fewer than 50 stated-tenure dwellings)
404031104,0,0,,No reliable rate (fewer than 50 stated-tenure dwellings)
404031105,807,1091,74.0,Valid rate
404031106,3542,5428,65.3,Valid rate
404031107,6261,10867,57.6,Valid rate
404031108,3919,7006,55.9,Valid rate
404031109,1511,2102,71.9,Valid rate
405011110,2026,2462,82.3,Valid rate
405011111,2918,3479,83.9,Valid rate
405011112,2014,2300,87.6,Valid rate
405011113,976,1195,81.7,Valid rate
405011114,2129,2958,72.0,Valid rate
405011115,1442,1943,74.2,Valid rate
405021116,1214,1705,71.2,Valid rate
405021117,1610,2028,79.4,Valid rate
405021118,1312,1716,76.5,Valid rate
405021119,2844,3843,74.0,Valid rate
405031120,1486,1913,77.7,Valid rate
405031121,1878,2356,79.7,Valid rate
405031122,3732,5809,64.2,Valid rate
405031123,1062,1307,81.3,Valid rate
405041124,1570,2142,73.3,Valid rate
405041125,1752,2286,76.6,Valid rate
405041126,1291,1934,66.8,Valid rate
405041127,2512,3252,77.2,Valid rate
405041128,1526,1913,79.8,Valid rate
406011129,627,1084,57.8,Valid rate
406011130,2148,2839,75.7,Valid rate
406011131,1249,1691,73.9,Valid rate
406011132,634,867,73.1,Valid rate
406011133,4100,6293,65.2,Valid rate
406011134,982,1480,66.4,Valid rate
406011135,7,42,,No reliable rate (fewer than 50 stated-tenure dwellings)
406011136,5210,9023,57.7,Valid rate
406011137,0,0,,No reliable rate (fewer than 50 stated-tenure dwellings)
406021138,16,559,2.9,Valid rate
406021139,477,784,60.8,Valid rate
406021140,743,1003,74.1,Valid rate
406021141,546,1097,49.8,Valid rate
406021142,3027,5172,58.5,Valid rate
406021143,357,1298,27.5,Valid rate
407011144,4159,5706,72.9,Valid rate
407011145,1451,2048,70.8,Valid rate
407011146,2399,3039,78.9,Valid rate
407011147,2526,2932,86.2,Valid rate
407011148,5329,7145,74.6,Valid rate
407011149,2230,2785,80.1,Valid rate
407021150,1621,1937,83.7,Valid rate
407021151,1233,1700,72.5,Valid rate
407021152,1598,2170,73.6,Valid rate
407021154,1708,2404,71.0,Valid rate
407021155,638,864,73.8,Valid rate
407021156,901,1221,73.8,Valid rate
407021157,1821,2547,71.5,Valid rate
407021158,1096,1306,83.9,Valid rate
407021173,4034,5808,69.5,Valid rate
407021174,3783,6005,63.0,Valid rate
407031159,1901,2551,74.5,Valid rate
407031160,982,1774,55.4,Valid rate
407031161,863,1176,73.4,Valid rate
407031162,1560,2214,70.5,Valid rate
407031163,518,670,77.3,Valid rate
407031164,2285,2876,79.5,Valid rate
407031165,4370,7127,61.3,Valid rate
407031166,1153,1377,83.7,Valid rate
407031167,1198,2056,58.3,Valid rate
407031168,1503,1863,80.7,Valid rate
407031169,1521,2189,69.5,Valid rate
407031170,1964,2691,73.0,Valid rate
501011001,1837,2486,73.9,Valid rate
501011003,3253,4265,76.3,Valid rate
501011004,2529,3579,70.7,Valid rate
501011293,2584,3620,71.4,Valid rate
501011294,5197,7331,70.9,Valid rate
501021005,5300,6700,79.1,Valid rate
501021007,1608,1988,80.9,Valid rate
501021008,1509,2652,56.9,Valid rate
501021009,2636,3368,78.3,Valid rate
501021010,987,1184,83.4,Valid rate
501021011,0,0,,No reliable rate (fewer than 50 stated-tenure dwellings)
501021012,3347,4458,75.1,Valid rate
501021014,2510,3431,73.2,Valid rate
501021015,1940,2869,67.6,Valid rate
501021016,1250,1580,79.1,Valid rate
501021251,2303,3270,70.4,Valid rate
501021252,906,983,92.2,Valid rate
501021253,3464,5412,64.0,Valid rate
501021254,1176,2018,58.3,Valid rate
501031017,2165,2757,78.5,Valid rate
501031018,1888,2323,81.3,Valid rate
501031019,1419,2136,66.4,Valid rate
501031020,1594,2079,76.7,Valid rate
502011021,2625,3124,84.0,Valid rate
502011022,2959,3862,76.6,Valid rate
502011023,2609,4006,65.1,Valid rate
502011024,5996,7848,76.4,Valid rate
502011025,2210,4635,47.7,Valid rate
502011026,1996,2550,78.3,Valid rate
502011027,5485,7287,75.3,Valid rate
502011028,3143,4613,68.1,Valid rate
502011029,2729,3666,74.4,Valid rate
503011030,1910,2296,83.2,Valid rate
503011031,2423,3810,63.6,Valid rate
503011032,2069,2917,70.9,Valid rate
503011033,2462,2854,86.3,Valid rate
503011034,2671,4052,65.9,Valid rate
503011035,4222,6286,67.2,Valid rate
503011036,2498,3292,75.9,Valid rate
503021037,5,10,,No reliable rate (fewer than 50 stated-tenure dwellings)
503021038,2998,4576,65.5,Valid rate
503021039,4391,7061,62.2,Valid rate
503021040,2548,3907,65.2,Valid rate
503021042,4295,7665,56.0,Valid rate
503021043,4360,7786,56.0,Valid rate
503021295,2094,5677,36.9,Valid rate
503021296,2097,5356,39.2,Valid rate
503021297,1564,5507,28.4,Valid rate
504011044,4468,6304,70.9,Valid rate
504011045,6665,9562,69.7,Valid rate
504011046,3129,6366,49.2,Valid rate
504011047,6093,8675,70.2,Valid rate
504011048,2430,2961,82.1,Valid rate
504021049,873,987,88.4,Valid rate
504021050,2353,2540,92.6,Valid rate
504021051,1767,2131,82.9,Valid rate
504021052,0,5,,No reliable rate (fewer than 50 stated-tenure dwellings)
504021053,4180,4670,89.5,Valid rate
504021054,3830,4918,77.9,Valid rate
504031055,0,0,,No reliable rate (fewer than 50 stated-tenure dwellings)
504031056,4956,6143,80.7,Valid rate
504031057,5314,6884,77.2,Valid rate
504031058,1524,1843,82.7,Valid rate
504031060,837,918,91.2,Valid rate
504031061,1670,2042,81.8,Valid rate
504031062,3391,4378,77.5,Valid rate
504031063,0,13,,No reliable rate (fewer than 50 stated-tenure dwellings)
504031064,0,0,,No reliable rate (fewer than 50 stated-tenure dwellings)
504031065,1559,2123,73.4,Valid rate
504031066,2315,4679,49.5,Valid rate
504031067,1983,2488,79.7,Valid rate
504031068,3419,4038,84.7,Valid rate
504031069,0,0,,No reliable rate (fewer than 50 stated-tenure dwellings)
504031298,4153,5236,79.3,Valid rate
504031299,3128,3613,86.6,Valid rate
504031300,4555,6155,74.0,Valid rate
505011070,3167,4149,76.3,Valid rate
505011071,3805,4744,80.2,Valid rate
505011072,4755,5518,86.2,Valid rate
505011073,4295,5139,83.6,Valid rate
505011074,3118,3963,78.7,Valid rate
505011075,3374,3932,85.8,Valid rate
505011076,2821,3096,91.1,Valid rate
505011077,3488,5285,66.0,Valid rate
505011078,4059,4809,84.4,Valid rate
505011079,3484,4083,85.3,Valid rate
505011080,2336,2683,87.1,Valid rate
505011081,2639,3209,82.2,Valid rate
505011082,3119,3532,88.3,Valid rate
505011083,3018,3367,89.6,Valid rate
505021084,4651,6533,71.2,Valid rate
505021085,4056,7350,55.2,Valid rate
505021087,0,0,,No reliable rate (fewer than 50 stated-tenure dwellings)
505021088,4858,7700,63.1,Valid rate
505021089,6380,7707,82.8,Valid rate
505021090,4268,8104,52.7,Valid rate
505021091,6,116,5.2,Valid rate
505021092,4485,7604,59.0,Valid rate
505021093,3928,5711,68.8,Valid rate
505021094,2302,3050,75.5,Valid rate
505021095,3196,5992,53.3,Valid rate
505021096,4249,5367,79.2,Valid rate
505021097,4335,7111,61.0,Valid rate
505021301,3370,4246,79.4,Valid rate
505021302,3771,5532,68.2,Valid rate
505031098,2982,3909,76.3,Valid rate
505031099,5173,8230,62.9,Valid rate
505031100,4802,6027,79.7,Valid rate
505031101,3418,5022,68.1,Valid rate
505031102,2057,3220,63.9,Valid rate
505031104,2773,3511,79.0,Valid rate
505031105,5601,7000,80.0,Valid rate
505031106,0,4,,No reliable rate (fewer than 50 stated-tenure dwellings)
505031107,3650,4544,80.3,Valid rate
505031255,3457,4752,72.7,Valid rate
505031256,143,223,64.1,Valid rate
505031257,1096,1338,81.9,Valid rate
505031258,2837,3717,76.3,Valid rate
505031303,3692,4541,81.3,Valid rate
505031304,4058,4619,87.9,Valid rate
505031305,3661,4515,81.1,Valid rate
505031306,4040,5371,75.2,Valid rate
506011110,5551,8553,64.9,Valid rate
506011111,0,0,,No reliable rate (fewer than 50 stated-tenure dwellings)
506011112,1525,2101,72.6,Valid rate
506011114,2910,4052,71.8,Valid rate
506011115,2683,2967,90.4,Valid rate
506011116,2376,2585,91.9,Valid rate
506011117,2701,3555,76.0,Valid rate
506011307,2834,3579,79.2,Valid rate
506011308,4090,4923,83.1,Valid rate
506021118,3388,5904,57.4,Valid rate
506021119,3926,6971,56.3,Valid rate
506021120,0,6,,No reliable rate (fewer than 50 stated-tenure dwellings)
506021121,0,0,,No reliable rate (fewer than 50 stated-tenure dwellings)
506021123,3462,6950,49.8,Valid rate
506021309,1813,3333,54.4,Valid rate
506021310,1757,2851,61.6,Valid rate
506021311,2196,4864,45.1,Valid rate
506031124,3453,7630,45.3,Valid rate
506031125,2720,3193,85.2,Valid rate
506031126,0,5,,No reliable rate (fewer than 50 stated-tenure dwellings)
506031127,3665,7143,51.3,Valid rate
506031128,4101,5406,75.9,Valid rate
506031129,3663,4991,73.4,Valid rate
506031130,7,16,,No reliable rate (fewer than 50 stated-tenure dwellings)
506031131,4852,6127,79.2,Valid rate
506041132,4575,7018,65.2,Valid rate
506041133,5582,7191,77.6,Valid rate
506041134,5086,7798,65.2,Valid rate
506041135,5507,6796,81.0,Valid rate
506041136,3633,5159,70.4,Valid rate
506041137,6387,8324,76.7,Valid rate
506051138,5362,6957,77.1,Valid rate
506051139,3441,4533,75.9,Valid rate
506051140,4948,5724,86.4,Valid rate
506051141,3401,3901,87.2,Valid rate
506061142,5465,6462,84.6,Valid rate
506061143,2004,2261,88.6,Valid rate
506061144,1262,1451,87.0,Valid rate
506071145,3654,6496,56.2,Valid rate
506071146,2779,3947,70.4,Valid rate
506071147,4258,7291,58.4,Valid rate
507011148,5527,7074,78.1,Valid rate
507011150,3,3,,No reliable rate (fewer than 50 stated-tenure dwellings)
507011151,0,0,,No reliable rate (fewer than 50 stated-tenure dwellings)
507011152,3010,3545,84.9,Valid rate
507011153,2346,3465,67.7,Valid rate
507011154,2976,4769,62.4,Valid rate
507011155,0,3,,No reliable rate (fewer than 50 stated-tenure dwellings)
507011158,1092,1492,73.2,Valid rate
507011159,3214,4564,70.4,Valid rate
507011160,3193,4560,70.0,Valid rate
507011161,4237,5974,70.9,Valid rate
507011163,2188,2778,78.8,Valid rate
507011259,2629,3493,75.3,Valid rate
507011260,725,850,85.3,Valid rate
507021164,2226,2919,76.3,Valid rate
507021165,4308,7216,59.7,Valid rate
507021166,4380,6118,71.6,Valid rate
507021167,0,6,,No reliable rate (fewer than 50 stated-tenure dwellings)
507031169,4075,5740,71.0,Valid rate
507031170,1868,2830,66.0,Valid rate
507031172,6,13,,No reliable rate (fewer than 50 stated-tenure dwellings)
507031173,3,11,,No reliable rate (fewer than 50 stated-tenure dwellings)
507031174,2889,4243,68.1,Valid rate
507031261,2167,2652,81.7,Valid rate
507041175,3247,4426,73.4,Valid rate
507041176,993,1271,78.1,Valid rate
507041177,4491,6116,73.4,Valid rate
507041178,4372,5908,74.0,Valid rate
507041179,2049,2846,72.0,Valid rate
507041180,3322,3814,87.1,Valid rate
507041181,5199,6398,81.3,Valid rate
507041182,3312,4493,73.7,Valid rate
507041183,1275,2110,60.4,Valid rate
507041184,1729,1953,88.5,Valid rate
507051186,2377,3244,73.3,Valid rate
507051187,3304,4429,74.6,Valid rate
507051188,4315,7091,60.9,Valid rate
507051189,0,0,,No reliable rate (fewer than 50 stated-tenure dwellings)
507051190,3613,4880,74.0,Valid rate
507051191,5591,7114,78.6,Valid rate
507051192,3432,4510,76.1,Valid rate
507051193,2812,3894,72.2,Valid rate
507051312,2977,3939,75.6,Valid rate
507051313,6400,8385,76.3,Valid rate
507051314,523,666,78.5,Valid rate
509011225,3914,6244,62.7,Valid rate
509011226,1011,1296,78.0,Valid rate
509011227,1561,1954,79.9,Valid rate
509011228,1809,2445,74.0,Valid rate
509011229,646,1064,60.7,Valid rate
509011230,1053,1604,65.6,Valid rate
509011231,1000,1513,66.1,Valid rate
509011232,1075,1297,82.9,Valid rate
509011233,2929,4040,72.5,Valid rate
509011234,1504,1989,75.6,Valid rate
509011235,0,0,,No reliable rate (fewer than 50 stated-tenure dwellings)
509021236,1720,1934,88.9,Valid rate
509021237,936,1343,69.7,Valid rate
509021238,1093,1587,68.9,Valid rate
509021239,2612,3445,75.8,Valid rate
509021240,1201,1799,66.8,Valid rate
509021241,1066,1576,67.6,Valid rate
509021242,736,1168,63.0,Valid rate
509021243,2992,4052,73.8,Valid rate
509021244,1468,1713,85.7,Valid rate
509021245,1686,2101,80.2,Valid rate
509031246,968,1352,71.6,Valid rate
509031247,1055,1556,67.8,Valid rate
509031248,610,867,70.4,Valid rate
509031249,1085,1686,64.4,Valid rate
509031250,1369,1847,74.1,Valid rate
510011262,2966,5873,50.5,Valid rate
510011263,709,2418,29.3,Valid rate
510011264,307,1230,25.0,Valid rate
510011265,1118,2908,38.4,Valid rate
510011266,946,1638,57.8,Valid rate
510021267,376,841,44.7,Valid rate
510021268,180,1475,12.2,Valid rate
510021269,392,1684,23.3,Valid rate
510021270,941,3528,26.7,Valid rate
510031271,666,2444,27.3,Valid rate
510031272,1734,5376,32.3,Valid rate
510031273,625,1603,39.0,Valid rate
511011274,2986,4469,66.8,Valid rate
511011275,811,1466,55.3,Valid rate
511021276,1299,2197,59.1,Valid rate
511021277,2458,3959,62.1,Valid rate
511031278,1530,2399,63.8,Valid rate
511031279,2673,4583,58.3,Valid rate
511031280,1860,3123,59.6,Valid rate
511031281,0,0,,No reliable rate (fewer than 50 stated-tenure dwellings)
511031282,894,1474,60.7,Valid rate
511031283,216,1100,19.6,Valid rate
511031284,0,0,,No reliable rate (fewer than 50 stated-tenure dwellings)
511041285,2859,4971,57.5,Valid rate
511041286,1914,2501,76.5,Valid rate
511041287,2209,3005,73.5,Valid rate
511041288,2590,3713,69.8,Valid rate
511041289,1088,1544,70.5,Valid rate
511041290,412,956,43.1,Valid rate
511041291,991,1480,67.0,Valid rate
511041292,1836,2522,72.8,Valid rate
601011001,1203,2856,42.1,Valid rate
601011002,1887,2347,80.4,Valid rate
601011003,1613,1837,87.8,Valid rate
601021004,1954,2784,70.2,Valid rate
601021005,2687,3032,88.6,Valid rate
601021006,1138,1399,81.3,Valid rate
601021007,3760,4600,81.7,Valid rate
601021008,2214,3087,71.7,Valid rate
601021009,1109,1976,56.1,Valid rate
601021010,753,1136,66.3,Valid rate
601021011,1753,2977,58.9,Valid rate
601021012,1510,1688,89.5,Valid rate
601031013,1320,1570,84.1,Valid rate
601031014,1502,2219,67.7,Valid rate
601031015,2055,3363,61.1,Valid rate
601031016,1049,1793,58.5,Valid rate
601031017,2628,4880,53.9,Valid rate
601031018,1405,2005,70.1,Valid rate
601031019,1332,2276,58.5,Valid rate
601031020,1985,2790,71.1,Valid rate
601031021,961,1664,57.8,Valid rate
601041022,3596,5164,69.6,Valid rate
601041023,3319,4246,78.2,Valid rate
601041024,2443,2945,83.0,Valid rate
601041025,0,0,,No reliable rate (fewer than 50 stated-tenure dwellings)
601041026,1125,1364,82.5,Valid rate
601051027,1534,3634,42.2,Valid rate
601051028,2595,3564,72.8,Valid rate
601051029,1289,1826,70.6,Valid rate
601051030,1515,2613,58.0,Valid rate
601051031,2984,4777,62.5,Valid rate
601051032,1786,2632,67.9,Valid rate
601051033,1662,2616,63.5,Valid rate
601061034,2770,3309,83.7,Valid rate
601061035,2977,3877,76.8,Valid rate
602011036,636,1344,47.3,Valid rate
602011037,1273,2018,63.1,Valid rate
602011038,1265,2339,54.1,Valid rate
602011039,1463,1757,83.3,Valid rate
602011040,713,1521,46.9,Valid rate
602011041,1944,3500,55.5,Valid rate
602011042,1451,2111,68.7,Valid rate
602011043,1193,1483,80.4,Valid rate
602011044,2126,2805,75.8,Valid rate
602011045,735,1510,48.7,Valid rate
602011046,2066,2798,73.8,Valid rate
602011047,1060,2019,52.5,Valid rate
602011048,1422,2037,69.8,Valid rate
602011049,1405,1918,73.3,Valid rate
602011050,1049,1494,70.2,Valid rate
602011051,1225,1781,68.8,Valid rate
602011052,1511,1964,76.9,Valid rate
602021053,1381,1698,81.3,Valid rate
602021054,1806,2394,75.4,Valid rate
602021055,2032,2321,87.5,Valid rate
602021056,1116,1373,81.3,Valid rate
602021057,1349,1698,79.4,Valid rate
602031058,1399,1568,89.2,Valid rate
602031059,2050,2916,70.3,Valid rate
602031060,1280,1778,72.0,Valid rate
602031061,1031,1478,69.8,Valid rate
602031062,1782,2165,82.3,Valid rate
602031064,2363,3087,76.5,Valid rate
602031099,268,417,64.3,Valid rate
602031100,2068,2766,74.8,Valid rate
603011065,756,1017,74.3,Valid rate
603011066,1058,1208,87.6,Valid rate
603011067,2046,2455,83.3,Valid rate
603011068,0,3,,No reliable rate (fewer than 50 stated-tenure dwellings)
603021069,1189,1408,84.4,Valid rate
603021070,1569,1912,82.1,Valid rate
603021071,1392,1658,84.0,Valid rate
603021072,2749,3404,80.8,Valid rate
603031073,963,1189,81.0,Valid rate
603031074,1671,2236,74.7,Valid rate
604011075,839,1421,59.0,Valid rate
604011076,1677,1948,86.1,Valid rate
604011077,987,1657,59.6,Valid rate
604011078,1674,2634,63.6,Valid rate
604011079,1674,2114,79.2,Valid rate
604011080,1032,1409,73.2,Valid rate
604011081,1205,1688,71.4,Valid rate
604011082,2235,3078,72.6,Valid rate
604011083,1273,1751,72.7,Valid rate
604011084,1904,2700,70.5,Valid rate
604021085,3802,6120,62.1,Valid rate
604021086,1230,2059,59.7,Valid rate
604021087,1511,2137,70.7,Valid rate
604021088,1100,1373,80.1,Valid rate
604021089,2038,2573,79.2,Valid rate
604021090,1040,1230,84.6,Valid rate
604021091,2089,2465,84.7,Valid rate
604021092,1121,1325,84.6,Valid rate
604031093,435,643,67.7,Valid rate
604031094,1104,1514,72.9,Valid rate
604031095,1036,1510,68.6,Valid rate
604031096,1221,1472,82.9,Valid rate
604031097,1313,1971,66.6,Valid rate
604031098,0,0,,No reliable rate (fewer than 50 stated-tenure dwellings)
701011001,0,0,,No reliable rate (fewer than 50 stated-tenure dwellings)
701011002,702,3194,22.0,Valid rate
701011003,0,0,,No reliable rate (fewer than 50 stated-tenure dwellings)
701011004,634,1450,43.7,Valid rate
701011005,476,1456,32.7,Valid rate
701011006,413,905,45.6,Valid rate
701011007,413,1162,35.5,Valid rate
701011008,673,1627,41.4,Valid rate
701011009,591,1261,46.9,Valid rate
701021010,410,669,61.3,Valid rate
701021011,546,755,72.3,Valid rate
701021012,311,513,60.6,Valid rate
701021013,576,980,58.8,Valid rate
701021014,0,0,,No reliable rate (fewer than 50 stated-tenure dwellings)
701021015,0,0,,No reliable rate (fewer than 50 stated-tenure dwellings)
701021016,451,1215,37.1,Valid rate
701021017,0,11,,No reliable rate (fewer than 50 stated-tenure dwellings)
701021018,438,591,74.1,Valid rate
701021019,921,1542,59.7,Valid rate
701021020,1037,1585,65.4,Valid rate
701021021,947,1845,51.3,Valid rate
701021022,999,1656,60.3,Valid rate
701021023,484,967,50.1,Valid rate
701021024,417,644,64.8,Valid rate
701021025,679,1549,43.8,Valid rate
701021026,558,1314,42.5,Valid rate
701021027,476,803,59.3,Valid rate
701021028,359,633,56.7,Valid rate
701021029,376,558,67.4,Valid rate
701021030,536,758,70.7,Valid rate
701031031,1153,1543,74.7,Valid rate
701031032,2184,2630,83.0,Valid rate
701031033,12,19,,No reliable rate (fewer than 50 stated-tenure dwellings)
701031034,818,1175,69.6,Valid rate
701031035,1172,1497,78.3,Valid rate
701041036,595,1125,52.9,Valid rate
701041037,485,934,51.9,Valid rate
701041038,862,1507,57.2,Valid rate
701041039,529,1109,47.7,Valid rate
701041040,505,942,53.6,Valid rate
701041041,778,1436,54.2,Valid rate
701041042,1235,2059,60.0,Valid rate
701041043,883,2051,43.1,Valid rate
701041044,621,1086,57.2,Valid rate
702011045,792,1468,54.0,Valid rate
702011046,991,1945,51.0,Valid rate
702011047,854,1529,55.9,Valid rate
702011048,955,1719,55.6,Valid rate
702011049,624,1507,41.4,Valid rate
702011050,259,1014,25.5,Valid rate
702011051,851,1341,63.5,Valid rate
702011052,180,907,19.8,Valid rate
702011053,66,694,9.5,Valid rate
702011054,49,447,11.0,Valid rate
702021055,290,784,37.0,Valid rate
702021056,300,1071,28.0,Valid rate
702031057,1428,2426,58.9,Valid rate
702031058,233,587,39.7,Valid rate
702031059,18,370,4.9,Valid rate
702031060,38,615,6.2,Valid rate
702031061,23,880,2.6,Valid rate
702041062,11,606,1.8,Valid rate
702041063,79,1145,6.9,Valid rate
702041064,55,867,6.3,Valid rate
702051065,568,1126,50.4,Valid rate
702051066,294,1005,29.3,Valid rate
702051067,1499,3348,44.8,Valid rate
702051068,115,574,20.0,Valid rate
801011001,731,888,82.3,Valid rate
801011002,1322,4067,32.5,Valid rate
801011003,1261,2674,47.2,Valid rate
801011004,789,1158,68.1,Valid rate
801011005,926,1233,75.1,Valid rate
801011006,1964,2425,81.0,Valid rate
801011007,1502,1947,77.1,Valid rate
801011008,1178,1825,64.5,Valid rate
801011009,1008,1205,83.7,Valid rate
801011010,645,725,89.0,Valid rate
801011011,940,1198,78.5,Valid rate
801011012,0,0,,No reliable rate (fewer than 50 stated-tenure dwellings)
801011013,898,1181,76.0,Valid rate
801011014,926,1235,75.0,Valid rate
801011015,1595,2270,70.3,Valid rate
801011016,1972,2653,74.3,Valid rate
801011017,1078,1384,77.9,Valid rate
801011018,521,978,53.3,Valid rate
801011019,1953,2485,78.6,Valid rate
801011020,774,1265,61.2,Valid rate
801011021,771,960,80.3,Valid rate
801011022,937,1198,78.2,Valid rate
801011023,717,1165,61.5,Valid rate
801011024,764,1147,66.6,Valid rate
801011025,723,918,78.8,Valid rate
801011026,782,925,84.5,Valid rate
801011111,0,0,,No reliable rate (fewer than 50 stated-tenure dwellings)
801011142,0,0,,No reliable rate (fewer than 50 stated-tenure dwellings)
801011143,227,241,94.2,Valid rate
801011144,0,0,,No reliable rate (fewer than 50 stated-tenure dwellings)
801031031,4,4,,No reliable rate (fewer than 50 stated-tenure dwellings)
801031032,0,0,,No reliable rate (fewer than 50 stated-tenure dwellings)
801031113,240,399,60.2,Valid rate
801031114,3,44,,No reliable rate (fewer than 50 stated-tenure dwellings)
801031115,29,59,49.2,Valid rate
801041034,1447,2035,71.1,Valid rate
801041035,1392,2098,66.3,Valid rate
801041036,1521,2177,69.9,Valid rate
801041037,1036,1681,61.6,Valid rate
801041038,1049,1371,76.5,Valid rate
801041039,1352,2589,52.2,Valid rate
801041040,1471,3211,45.8,Valid rate
801041043,80,102,78.4,Valid rate
801041044,1458,2742,53.2,Valid rate
801041045,0,0,,No reliable rate (fewer than 50 stated-tenure dwellings)
801041046,2848,4029,70.7,Valid rate
801041047,1923,2272,84.6,Valid rate
801041048,1439,2027,71.0,Valid rate
801041116,0,0,,No reliable rate (fewer than 50 stated-tenure dwellings)
801041117,0,0,,No reliable rate (fewer than 50 stated-tenure dwellings)
801041118,155,237,65.4,Valid rate
801041119,10,14,,No reliable rate (fewer than 50 stated-tenure dwellings)
801041120,1196,1588,75.3,Valid rate
801041121,462,627,73.7,Valid rate
801041122,544,712,76.4,Valid rate
801051049,0,0,,No reliable rate (fewer than 50 stated-tenure dwellings)
801051050,1242,2024,61.4,Valid rate
801051051,1308,3465,37.7,Valid rate
801051053,671,1901,35.3,Valid rate
801051054,758,1438,52.7,Valid rate
801051055,997,1618,61.6,Valid rate
801051056,897,1199,74.8,Valid rate
801051057,1244,2522,49.3,Valid rate
801051058,1372,2271,60.4,Valid rate
801051060,943,2155,43.8,Valid rate
801051061,1736,2664,65.2,Valid rate
801051123,0,0,,No reliable rate (fewer than 50 stated-tenure dwellings)
801051124,1192,1864,63.9,Valid rate
801051125,0,149,0.0,Valid rate
801051126,0,0,,No reliable rate (fewer than 50 stated-tenure dwellings)
801051127,365,701,52.1,Valid rate
801051128,0,0,,No reliable rate (fewer than 50 stated-tenure dwellings)
801061062,894,1204,74.3,Valid rate
801061063,531,800,66.4,Valid rate
801061064,1343,2374,56.6,Valid rate
801061066,0,0,,No reliable rate (fewer than 50 stated-tenure dwellings)
801061067,1461,2449,59.7,Valid rate
801061068,0,0,,No reliable rate (fewer than 50 stated-tenure dwellings)
801061069,761,1003,75.9,Valid rate
801061070,927,1242,74.6,Valid rate
801061129,489,974,50.2,Valid rate
801061130,4,15,,No reliable rate (fewer than 50 stated-tenure dwellings)
801061131,1636,3426,47.8,Valid rate
801071071,1438,1758,81.8,Valid rate
801071072,1015,1427,71.1,Valid rate
801071073,1688,2007,84.1,Valid rate
801071074,1463,1851,79.0,Valid rate
801071075,1418,1738,81.6,Valid rate
801071076,964,1043,92.4,Valid rate
801071077,716,937,76.4,Valid rate
801071078,2250,2858,78.7,Valid rate
801071079,927,1110,83.5,Valid rate
801071080,1197,2074,57.7,Valid rate
801071081,1226,1601,76.6,Valid rate
801071082,4492,5813,77.3,Valid rate
801071083,435,489,89.0,Valid rate
801071084,1573,2107,74.7,Valid rate
801071085,0,0,,No reliable rate (fewer than 50 stated-tenure dwellings)
801071086,461,606,76.1,Valid rate
801071087,810,1103,73.4,Valid rate
801071088,1073,1315,81.6,Valid rate
801071089,7,10,,No reliable rate (fewer than 50 stated-tenure dwellings)
801071090,2250,2896,77.7,Valid rate
801071132,0,0,,No reliable rate (fewer than 50 stated-tenure dwellings)
801081091,903,1019,88.6,Valid rate
801081092,971,1212,80.1,Valid rate
801081093,956,1208,79.1,Valid rate
801081094,875,1088,80.4,Valid rate
801081095,933,1261,74.0,Valid rate
801081096,572,770,74.3,Valid rate
801081097,754,1069,70.5,Valid rate
801081098,1085,1480,73.3,Valid rate
801081133,0,0,,No reliable rate (fewer than 50 stated-tenure dwellings)
801091099,717,1069,67.1,Valid rate
801091100,1495,2030,73.6,Valid rate
801091101,1008,1354,74.4,Valid rate
801091102,853,1256,67.9,Valid rate
801091103,816,1127,72.4,Valid rate
801091104,741,909,81.5,Valid rate
801091105,688,1336,51.5,Valid rate
801091106,868,1376,63.1,Valid rate
801091107,278,314,88.5,Valid rate
801091108,774,1060,73.0,Valid rate
801091109,1294,2652,48.8,Valid rate
801091110,625,844,74.1,Valid rate
801101134,0,0,,No reliable rate (fewer than 50 stated-tenure dwellings)
801101135,1222,1717,71.2,Valid rate
801101136,833,986,84.5,Valid rate
801101137,0,0,,No reliable rate (fewer than 50 stated-tenure dwellings)
801101139,1002,1484,67.5,Valid rate
801101145,0,0,,No reliable rate (fewer than 50 stated-tenure dwellings)
801101146,0,0,,No reliable rate (fewer than 50 stated-tenure dwellings)
801111140,125,173,72.3,Valid rate
801111141,5,16,,No reliable rate (fewer than 50 stated-tenure dwellings)
